-- phpMyAdmin SQL Dump
-- version 5.2.1
-- https://www.phpmyadmin.net/
--
-- Host: 127.0.0.1
-- Tempo de geração: 09-Jun-2025 às 18:12
-- Versão do servidor: 10.4.32-MariaDB
-- versão do PHP: 8.2.12

SET SQL_MODE = "NO_AUTO_VALUE_ON_ZERO";
START TRANSACTION;
SET time_zone = "+00:00";


/*!40101 SET @OLD_CHARACTER_SET_CLIENT=@@CHARACTER_SET_CLIENT */;
/*!40101 SET @OLD_CHARACTER_SET_RESULTS=@@CHARACTER_SET_RESULTS */;
/*!40101 SET @OLD_COLLATION_CONNECTION=@@COLLATION_CONNECTION */;
/*!40101 SET NAMES utf8mb4 */;

--
-- Banco de dados: `arenaread`
--

-- --------------------------------------------------------

--
-- Estrutura da tabela `capitulos`
--

CREATE TABLE `capitulos` (
  `id_capitulos` int(11) NOT NULL,
  `id_manga` int(11) NOT NULL,
  `num_capitulo` int(11) NOT NULL,
  `data_lancamento` datetime NOT NULL DEFAULT current_timestamp() ON UPDATE current_timestamp()
) ENGINE=InnoDB DEFAULT CHARSET=utf8mb4 COLLATE=utf8mb4_general_ci;

--
-- Extraindo dados da tabela `capitulos`
--

INSERT INTO `capitulos` (`id_capitulos`, `id_manga`, `num_capitulo`, `data_lancamento`) VALUES
(116, 50, 0, '2025-06-05 19:44:21'),
(117, 50, 1, '2025-06-05 19:44:23'),
(118, 50, 2, '2025-06-05 19:44:25'),
(119, 50, 3, '2025-06-05 19:44:26'),
(120, 50, 4, '2025-06-05 19:44:27'),
(121, 50, 5, '2025-06-05 19:44:29'),
(122, 49, 0, '2025-06-07 21:04:49'),
(123, 49, 1, '2025-06-07 21:04:51'),
(124, 49, 2, '2025-06-07 21:04:52'),
(128, 51, 1, '2025-06-07 21:36:57'),
(129, 51, 2, '2025-06-07 21:36:57'),
(130, 51, 3, '2025-06-07 21:36:58'),
(131, 51, 4, '2025-06-07 21:36:59'),
(132, 51, 5, '2025-06-08 00:04:08'),
(133, 51, 6, '2025-06-08 00:04:09'),
(134, 51, 7, '2025-06-08 00:04:10'),
(135, 51, 8, '2025-06-08 00:04:14'),
(136, 51, 9, '2025-06-08 00:04:17'),
(137, 49, 3, '2025-06-08 00:08:49'),
(138, 49, 4, '2025-06-08 00:08:50'),
(139, 49, 5, '2025-06-08 00:08:51'),
(140, 49, 6, '2025-06-08 00:08:52'),
(141, 49, 7, '2025-06-08 00:08:52'),
(142, 49, 8, '2025-06-08 00:08:54'),
(144, 47, 1, '2025-06-08 20:26:06'),
(145, 47, 2, '2025-06-08 20:26:07'),
(146, 47, 3, '2025-06-08 20:26:07'),
(147, 47, 4, '2025-06-08 20:26:08'),
(148, 47, 5, '2025-06-08 20:26:09'),
(149, 47, 6, '2025-06-08 20:26:11'),
(150, 47, 7, '2025-06-08 20:26:12'),
(151, 47, 8, '2025-06-08 20:26:13'),
(152, 47, 9, '2025-06-08 20:26:14'),
(153, 47, 10, '2025-06-08 20:26:16'),
(154, 47, 11, '2025-06-08 20:26:18'),
(155, 47, 12, '2025-06-08 20:26:19'),
(156, 47, 13, '2025-06-08 20:26:21'),
(157, 47, 14, '2025-06-08 20:26:22'),
(158, 47, 15, '2025-06-08 20:26:24'),
(163, 55, 1, '2025-06-09 10:25:56'),
(164, 55, 2, '2025-06-09 10:25:57'),
(165, 55, 3, '2025-06-09 10:25:58'),
(166, 55, 4, '2025-06-09 10:25:59'),
(167, 55, 5, '2025-06-09 10:26:00'),
(171, 50, 6, '2025-06-09 12:30:07'),
(173, 49, 9, '2025-06-09 12:52:26'),
(186, 62, 2, '2025-06-09 15:23:23'),
(188, 62, 4, '2025-06-09 15:23:26'),
(190, 61, 1, '2025-06-09 15:25:50'),
(191, 61, 2, '2025-06-09 15:25:51'),
(192, 61, 3, '2025-06-09 15:25:52'),
(193, 61, 4, '2025-06-09 15:25:53'),
(194, 62, 1, '2025-06-09 15:30:18'),
(196, 50, 8, '2025-06-09 15:33:42'),
(197, 50, 9, '2025-06-09 15:33:43'),
(198, 50, 7, '2025-06-09 15:36:29'),
(199, 51, 10, '2025-06-09 16:00:46'),
(203, 51, 11, '2025-06-09 16:28:05'),
(211, 62, 3, '2025-06-09 17:10:31');

-- --------------------------------------------------------

--
-- Estrutura da tabela `generos`
--

CREATE TABLE `generos` (
  `id_genero` int(11) NOT NULL,
  `nome_genero` varchar(255) NOT NULL
) ENGINE=InnoDB DEFAULT CHARSET=utf8mb4 COLLATE=utf8mb4_general_ci;

--
-- Extraindo dados da tabela `generos`
--

INSERT INTO `generos` (`id_genero`, `nome_genero`) VALUES
(1, 'Ação'),
(27, 'Animais'),
(56, 'Anti-herói'),
(28, 'Apocalipse'),
(2, 'Artes Marciais'),
(3, 'Aventura'),
(29, 'Bullying'),
(4, 'Comédia'),
(30, 'Crime'),
(5, 'Cultivação'),
(50, 'Drama'),
(6, 'Dungeons'),
(31, 'Ecchi'),
(32, 'Escolar'),
(33, 'Esporte'),
(7, 'Fantasia'),
(34, 'Fazenda'),
(35, 'Ficção Científica'),
(36, 'Guerra'),
(8, 'Histórico'),
(38, 'Horror'),
(9, 'Isekai'),
(37, 'Jogo'),
(39, 'Luta'),
(40, 'Mafia'),
(10, 'Magia'),
(11, 'MC Genius'),
(58, 'Militar'),
(12, 'Mistério'),
(55, 'Murim'),
(41, 'Musculação'),
(13, 'Necromante'),
(14, 'Overpower'),
(15, 'Psicológico'),
(42, 'Reality Virtual'),
(16, 'Reencarnação'),
(17, 'Regresso'),
(51, 'Retorno'),
(18, 'Romance'),
(43, 'Sci-fi'),
(19, 'Seinen'),
(45, 'Shojo'),
(52, 'Shounen'),
(20, 'Sistema'),
(44, 'Slice of Life'),
(21, 'Sobrenatural'),
(53, 'Sobrevivência'),
(46, 'Super Poderes'),
(47, 'Suspense'),
(48, 'Tela de Sistema'),
(22, 'Torre'),
(54, 'Tragédia'),
(23, 'Transmigração'),
(57, 'Vida cotidiana'),
(24, 'Vida Escolar'),
(25, 'Vingança'),
(49, 'Volta no Tempo');

-- --------------------------------------------------------

--
-- Estrutura da tabela `mangas`
--

CREATE TABLE `mangas` (
  `id_manga` int(11) NOT NULL COMMENT 'id do manga',
  `titulo` varchar(255) NOT NULL COMMENT 'titulo do manga',
  `link` varchar(255) NOT NULL COMMENT 'Nome para os links',
  `tipo` enum('Manga','Manhua','Manhwa','Comic','Novel') NOT NULL COMMENT 'tipo de manga',
  `status` enum('Ongoing','Hiatus','Finalizado','Dropado','Lançamento') NOT NULL COMMENT 'status do manga',
  `sinopse` text DEFAULT NULL COMMENT 'Um breve resumo da obra',
  `autor` varchar(255) DEFAULT NULL COMMENT 'Autor da obra',
  `artista` varchar(255) DEFAULT NULL COMMENT 'Artista ou studio que desenhou a obra',
  `ano_lancado` int(11) DEFAULT NULL COMMENT 'Ano de lançamento',
  `capa` varchar(255) NOT NULL COMMENT 'caminho para o ficheiro com a capa'
) ENGINE=InnoDB DEFAULT CHARSET=utf8 COLLATE=utf8_general_ci COMMENT='tabela dos mangas/manhua que vai ter as informações basicas';

--
-- Extraindo dados da tabela `mangas`
--

INSERT INTO `mangas` (`id_manga`, `titulo`, `link`, `tipo`, `status`, `sinopse`, `autor`, `artista`, `ano_lancado`, `capa`) VALUES
(47, 'Warrior High School – Dungeon Raid Department', 'warrior-high-school--dungeon-raid-department', 'Manhwa', 'Ongoing', 'Num mundo onde os calabouços surgem misteriosamente, a humanidade precisa de caçadores para proteger a paz. No Warrior High School, os alunos treinam para se tornarem caçadores de elite. Entre eles, surge um jovem com um passado misterioso e um talento extraordinário para o combate. Quando monstros atacam, o Departamento de Dungeon Raid é a primeira linha de defesa, e a sobrevivência da humanidade depende do trabalho desta equipa.', 'Park Minse', 'Jo Hyunhwan', 2022, 'https://res.cloudinary.com/dghfkjx36/image/upload/v1748978555/capas/phpE22A.jpg'),
(48, 'Return of the Mount Hua Sect', 'return-of-the-mount-hua-sect', 'Manhwa', 'Ongoing', 'Após a sua morte numa batalha sangrenta, Chung Myung, o lendário Espadachim da Flor de Ameixa, renasce no corpo de um órfão num mundo 100 anos depois. Descobre que a sua seita, a gloriosa Seita Mount Hua, outrora uma das mais poderosas, está agora em decadência e esquecida. Com sede de justiça e desejo de restaurar a glória da sua seita, Chung Myung embarca numa jornada para reerguer a Seita Mount Hua das cinzas, enfrentando inimigos poderosos e desafiando o destino.', 'Biga', 'LICO', 2021, 'https://res.cloudinary.com/dghfkjx36/image/upload/v1748978640/capas/php3930.jpg'),
(49, 'Solo Leveling', 'solo-leveling', 'Manhwa', 'Finalizado', 'Num mundo onde portais misteriosos ligam a Terra a dimensões repletas de monstros, apenas caçadores com habilidades especiais conseguem entrar e lutar.\r\nSung Jin-Woo, conhecido como o \"Caçador Mais Fraco do Mundo\", luta para sobreviver como um E-rank. No entanto, tudo muda quando ele enfrenta uma dungeon secreta e recebe uma oportunidade única: tornar-se um Jogador com a habilidade de \"subir de nível\" — algo que ninguém mais consegue fazer.\r\nCom o seu novo poder, Sung Jin-Woo começa a desafiar monstros, chefes e até outros caçadores, evoluindo de um fraco a uma lenda inigualável.', 'Chugong', 'Jang Sung-rak', 2018, 'https://res.cloudinary.com/dghfkjx36/image/upload/v1748978709/capas/php4419.jpg'),
(50, 'Solo Max-Level Newbie', 'solo-max-level-newbie', 'Manhwa', 'Ongoing', 'Jinhyuk é um streamer conhecido por jogar o jogo Tower of Trials, mas quando o jogo perde popularidade e ele se prepara para encerrar a carreira... a torre misteriosamente aparece no mundo real.\r\nO que para muitos é um apocalipse, para Jinhyuk é uma oportunidade: ele é o único jogador que conhece os segredos e estratégias de cada andar, cada boss e cada puzzle, pois foi o único a terminar o jogo no nível máximo.\r\nCom o seu conhecimento avançado e inteligência estratégica, Jinhyuk sobe a torre enquanto outros tentam apenas sobreviver — e rapidamente deixa de ser apenas um streamer para se tornar uma lenda.', 'Jang Sung-Lak', 'Swing Bat, Redice Studio', 2021, 'https://res.cloudinary.com/dghfkjx36/image/upload/v1748978875/capas/phpC7C7.png'),
(51, 'Martial God Regressed to Level 2', 'martial-god-regressed-to-level-2', 'Manhwa', 'Ongoing', 'O lendário Deus Marcial salvou o mundo da destruição ao derrotar a ameaça final. No entanto, após a vitória, percebe que tudo o que resta é solidão... até que algo inesperado acontece: ele regressa misteriosamente no tempo ao seu nível 2, quando ainda era um guerreiro iniciante.\r\nAgora, com todo o conhecimento e habilidades da sua vida passada, ele tem uma nova chance para corrigir erros, proteger os que ama e subir novamente ao topo — mas desta vez, de forma ainda mais brutal e eficiente.\r\nUma segunda oportunidade para dominar tudo... desde o início!', 'Yeombi', 'Ah Yoongu', 2022, 'https://res.cloudinary.com/dghfkjx36/image/upload/v1749328056/capas/phpBC1E.jpg'),
(52, 'Superhuman Battlefield', 'superhuman-battlefield', 'Manhwa', 'Ongoing', 'O mundo foi abalado por uma guerra onde super-humanos enfrentaram monstros vindos de outras dimensões. Entre eles, Seo MoonYeop, o herói lendário, foi o responsável por salvar a humanidade.\r\nMas, após o fim da guerra, Seo MoonYeop foi injustamente esquecido e tornou-se apenas mais um rosto anónimo na multidão. Agora, com o ressurgimento das batalhas e o perigo a aumentar, ele decide regressar à arena para mostrar novamente o seu poder e provar que é, de facto, o herói mais forte do mundo.\r\nPreparem-se para uma história épica onde o combate entre super-humanos e monstros define o destino da Terra!', 'Niccolo', 'Plan A', 2022, 'https://res.cloudinary.com/dghfkjx36/image/upload/v1749418260/capas/php5F07.png'),
(53, 'Terminally-Ill Genius Dark Knight', 'terminally-ill-genius-dark-knight', 'Manhwa', 'Ongoing', 'O protagonista é diagnosticado com uma doença terminal e tem apenas seis meses de vida. Mas, antes de morrer, ele é transportado para um jogo de realidade virtual onde assume o papel de um Cavaleiro Negro, uma das classes mais poderosas e temidas.\r\nAgora, com o tempo contado tanto na vida real como no jogo, ele decide viver sem arrependimentos, desafiando chefes, monstros e até o próprio sistema do jogo, usando a sua inteligência superior para contornar obstáculos impossíveis.\r\nCom o poder do Dark Knight e a sua mente genial, ele pretende mudar o destino, custe o que custar!', 'Jung Seon Yul', 'Nagi', 2023, 'https://res.cloudinary.com/dghfkjx36/image/upload/v1749457163/capas/php22D3.jpg'),
(54, 'Versatile Mage', 'versatile-mage', 'Manhua', 'Finalizado', 'Mo Fan é um estudante comum, até que um dia, misteriosamente, o mundo à sua volta muda. Na nova realidade, a magia substituiu a ciência, e os magos são a elite da sociedade. Apesar de vir de uma família pobre, Mo Fan descobre que possui um talento raro: consegue controlar vários elementos mágicos, ao contrário dos outros magos que só conseguem controlar um!\r\nAgora, com a ajuda dos seus amigos, incluindo Mu Ningxue (magia de gelo) e Xu Zhaoting (magia de relâmpago), Mo Fan enfrenta monstros, inimigos poderosos e tenta sobreviver num mundo repleto de perigos mágicos, tudo enquanto luta para proteger a sua família e os seus amigos.', 'Luan ', 'Domingo', 2016, 'https://res.cloudinary.com/dghfkjx36/image/upload/v1749457277/capas/phpEFF2.jpg'),
(55, 'Nano Machine', 'nano-machine', 'Manhwa', 'Ongoing', 'Cheon Yeo-Woon, um bastardo esquecido da Ordem Demoníaca, vive uma vida marcada por traições e desprezo. Mas tudo muda quando um misterioso descendente do futuro aparece e lhe injeta uma nanomáquina avançada.\r\nCom esta tecnologia que aumenta drasticamente as suas habilidades físicas, mentais e de combate, Yeo-Woon começa a trilhar o caminho rumo ao trono da seita demoníaca — enfrentando clãs, rivais, mestres de artes marciais e inimigos políticos, enquanto evolui mais rápido do que qualquer cultivador da sua era.\r\nEle deixará de ser um peão para se tornar o rei de todos.', 'Hanjoong Wolya', 'Indestructible', 2020, 'https://res.cloudinary.com/dghfkjx36/image/upload/v1749457711/capas/php84E3.jpg'),
(56, 'I Am the Fated Villain', 'i-am-the-fated-villain', 'Manhua', 'Ongoing', 'Gu Changge renasce num mundo de cultivo... mas como o vilão principal de uma novel! Dotado de um sistema que o guia a encarnar perfeitamente o papel de vilão, ele começa a manipular heróis e protagonistas, destruindo os seus caminhos com astúcia, charme e poder absoluto.\r\nEnquanto os outros acreditam que são os escolhidos do destino, Gu Changge move-se nas sombras, controlando os eventos e moldando o mundo à sua vontade — tudo enquanto mantém a fachada de um nobre cultivador.\r\nMas o que acontece quando o vilão deixa de seguir o guião e começa a reescrever a história?', 'Fǎn Pài Bùdà ', 'Yesman', 2021, 'https://res.cloudinary.com/dghfkjx36/image/upload/v1749457852/capas/phpB12A.jpg'),
(57, 'Absolute Necromancer', 'absolute-necromancer', 'Manhwa', 'Ongoing', 'Hansoo Kang foi traído e assassinado por aqueles em quem mais confiava. Mas a morte não foi o fim — foi apenas o início.\r\nRenascido com o poder do necromante mais poderoso e com um sistema especial que o torna único, Hansoo regressa ao mundo com um único objetivo: vingança absoluta.\r\nCom a capacidade de reviver os mortos, controlar exércitos de esqueletos e evoluir para formas mais poderosas, ele enfrenta inimigos antigos e novos, sempre um passo à frente.\r\nNeste novo mundo, ele não será mais a vítima… será o predador supremo.', 'Chung Song', 'Ji Baekho', 2023, 'https://res.cloudinary.com/dghfkjx36/image/upload/v1749458474/capas/php26BD.jpg'),
(58, 'The Heavenly Demon Can’t Live a Normal Life', 'the-heavenly-demon-cant-live-a-normal-life', 'Manhwa', 'Ongoing', 'Baek Joong-Hyuk, conhecido como o invencível Heavenly Demon, era o governante absoluto do Culto Celestial. Após uma traição mortal, ele desperta... no corpo de Roman Dmitri, o filho inútil de uma família nobre num mundo de espadas e magia.\r\nDeterminando-se a não repetir os erros do passado, o antigo demónio agora precisa de adaptar as suas técnicas marciais a uma nova sociedade, lidar com guerras políticas e elevar o nome Dmitri à grandeza — tudo enquanto lida com pessoas que ainda o veem como um fracassado.\r\n\r\nMas o mundo aprenderá rapidamente: não se deve subestimar um demónio reencarnado.', 'San Cheon', 'Hyeon Dong', 2021, 'https://res.cloudinary.com/dghfkjx36/image/upload/v1749458651/capas/phpE07F.png'),
(59, 'Mercenary Enrollment', 'mercenary-enrollment', 'Manhwa', 'Hiatus', 'Yu Ijin, o único sobrevivente de um acidente de avião, viveu durante 10 anos como um mercenário de elite numa zona de guerra. Um dia, ele recebe a oportunidade de voltar à Coreia do Sul e reencontrar a sua família.\r\nMas a vida escolar comum não é tão pacífica quanto parece. A violência, bullying e ameaças àqueles que ama forçam Ijin a usar as suas habilidades letais para proteger os seus entes queridos.\r\nMesmo longe do campo de batalha, um guerreiro nunca baixa a guarda.', 'YC', 'Rak Hyun', 2020, 'https://res.cloudinary.com/dghfkjx36/image/upload/v1749458770/capas/phpB494.jpg'),
(60, 'Academy\'s Genius Swordmaster', 'academys-genius-swordmaster', 'Manhwa', 'Ongoing', 'Ronan, um guerreiro brutal e impiedoso do passado, conhecido por massacres em nome da guerra, reencarna inesperadamente... no corpo de um jovem aluno de uma academia de magia.\r\nNesta nova vida, ele vê a oportunidade de não apenas evitar os erros do passado, mas também de dominar o mundo da magia com a sua experiência em esgrima e batalha real.\r\nCombinando os seus instintos sanguinários e conhecimento de campo com o treino académico, Ronan rapidamente se destaca como o espadachim mais temido e promissor da academia.\r\n\r\nMas antigos inimigos e novas conspirações não o deixarão em paz...', 'Seo Kwan-Do', 'Shichi', 2023, 'https://res.cloudinary.com/dghfkjx36/image/upload/v1749458919/capas/phpF6A6.jpg'),
(61, 'Second Life Ranker', 'second-life-ranker', 'Manhwa', 'Ongoing', 'Yeon-woo perde o seu irmão gémeo de forma misteriosa. Ao investigar, descobre que ele morreu enquanto participava numa misteriosa torre dimensional chamada Obelisco, onde os jogadores competem por poder.\r\nQuando Yeon-woo encontra o diário do irmão, ele decide entrar na torre — não apenas para descobrir a verdade, mas para terminar o que o seu irmão começou.\r\nMunido do conhecimento do diário e de uma sede de vingança, Yeon-woo começa a escalar a torre com um único objetivo: chegar ao topo como o Ranker mais poderoso.', 'Sa Do-Yeon', 'REDICE Studio / Dreamtoon', 2019, 'https://res.cloudinary.com/dghfkjx36/image/upload/v1749459131/capas/php34AB.jpg'),
(62, 'Revenge of the Iron-Blooded Sword Hound', 'revenge-of-the-iron-blooded-sword-hound', 'Manhwa', 'Ongoing', 'Vikir Van Baskerville era o mais leal guerreiro do seu clã... até que foi traído e executado injustamente por aqueles que jurou proteger. Mas a morte não foi o fim — ele regressa ao passado, antes de tudo acontecer.\r\nCom as memórias de uma vida passada cheia de sofrimento e um desejo inabalável de vingança, Vikir decide mudar o seu destino.\r\nDesta vez, ele irá esmagar todos os que o traíram com a sua espada e construir o seu próprio caminho, reescrevendo a história de sangue com sangue.', 'I Stepped On Lego', 'Ahrang', 2023, 'https://res.cloudinary.com/dghfkjx36/image/upload/v1749459324/capas/php200C.jpg'),
(63, 'I Obtained a Mythic Item', 'i-obtained-a-mythic-item', 'Manhwa', 'Ongoing', 'Num mundo onde portais se abrem e monstros invadem a Terra, apenas os Despertares podem enfrentá-los com poderes únicos.\r\nJaehyeon, um caçador de baixo nível, luta para sobreviver com os seus poucos recursos. Tudo muda quando ele obtém um Item Mítico — um artefacto lendário com poderes além da imaginação.\r\nCom esse item, Jaehyeon começa a ultrapassar os limites da humanidade, subir no ranking dos caçadores e enfrentar forças que desejam o artefacto a qualquer custo.\r\nUma nova lenda está prestes a nascer — e ele não tem intenção de parar até chegar ao topo.', 'Jeong Sunyool', 'Heth', 2022, 'https://res.cloudinary.com/dghfkjx36/image/upload/v1749459494/capas/phpB61A.jpg'),
(64, 'Return of the SSS-Class Ranker', 'return-of-the-sss-class-ranker', 'Manhwa', 'Ongoing', 'Rokan, o mais poderoso SSS-Class Berserker do jogo Lord, foi traído e apagado pelos seus próprios aliados no auge da sua glória.\r\nMas o destino dá-lhe uma segunda oportunidade: ele acorda no passado, antes de tudo acontecer, e com as memórias completas da sua vida anterior.\r\nDesta vez, Rokan promete subir novamente ao topo — mais rápido, mais forte e mais impiedoso do que nunca.\r\nCom sede de vingança e uma vantagem absoluta no jogo, ele não deixará pedra sobre pedra até destruir aqueles que o traíram e dominar completamente o mundo de Lord.', 'Gald', 'Hojo', 2021, 'https://res.cloudinary.com/dghfkjx36/image/upload/v1749459747/capas/php988D.jpg'),
(65, 'The Dark Magician Transmigrates After 66666 Years', 'the-dark-magician-transmigrates-after-66666-years', 'Manhwa', 'Ongoing', 'Diablo Volfir, o mais poderoso mago negro da história, foi selado pelas forças dos deuses durante uma guerra épica. 66.666 anos depois, ele desperta… no corpo de um jovem nobre fraco chamado Jamie Welton.\r\nAgora, com todo o seu poder adormecido e uma nova identidade, Diablo começa a reconstruir sua força mágica enquanto se adapta ao mundo moderno — onde a magia evoluiu, mas a corrupção continua.\r\nA sua missão? Vingança contra os deuses, recuperar a sua glória e descobrir os mistérios que surgiram durante os milénios em que esteve ausente.', 'Hwabong', 'Taru', 2021, 'https://res.cloudinary.com/dghfkjx36/image/upload/v1749460084/capas/phpBFE4.jpg'),
(66, 'Demonic Evolution', 'demonic-evolution', 'Manhua', 'Ongoing', 'Num mundo onde demónios e humanos coexistem com dificuldades, o protagonista desperta uma habilidade única de evolução demoníaca após quase ser morto.\r\nDotado da capacidade de devorar e absorver habilidades de outros seres demoníacos, ele começa a subir na cadeia alimentar, tornando-se cada vez mais poderoso e monstruoso a cada batalha.\r\nMas quanto mais ele evolui... menos humano se torna. Será que ele vai conseguir manter a sua humanidade — ou abraçar por completo o seu lado demoníaco?', 'Unknown', 'Unknown', 2022, 'https://res.cloudinary.com/dghfkjx36/image/upload/v1749460256/capas/php5D25.jpg'),
(67, 'Omniscient Reader’s Viewpoint', 'omniscient-readers-viewpoint', 'Manhwa', 'Ongoing', 'Durante anos, Kim Dokja foi o único leitor fiel de uma web novel obscura chamada Três Maneiras de Sobreviver ao Apocalipse. Um dia, o mundo começa a desmoronar... exatamente como descrito nessa história.\r\nSem aviso, monstros surgem, regras de um sistema aparecem, e o mundo transforma-se num jogo de sobrevivência governado por \"Constelações\".\r\nAgora, Kim Dokja é a única pessoa que conhece toda a história — mas ele não é o protagonista. Usando o seu conhecimento como leitor, ele terá de manipular eventos, formar alianças e enganar até mesmo os deuses para sobreviver.', 'Sing Shong', 'Sleepy-C (REDICE Studio)', 2020, 'https://res.cloudinary.com/dghfkjx36/image/upload/v1749460406/capas/phpA32E.jpg');

-- --------------------------------------------------------

--
-- Estrutura da tabela `manga_generos`
--

CREATE TABLE `manga_generos` (
  `id_manga_generos` int(11) NOT NULL,
  `id_manga` int(11) NOT NULL,
  `id_genero` int(11) NOT NULL
) ENGINE=InnoDB DEFAULT CHARSET=utf8mb4 COLLATE=utf8mb4_general_ci;

--
-- Extraindo dados da tabela `manga_generos`
--

INSERT INTO `manga_generos` (`id_manga_generos`, `id_manga`, `id_genero`) VALUES
(201, 47, 1),
(202, 47, 2),
(203, 47, 3),
(204, 47, 6),
(205, 47, 24),
(206, 48, 1),
(207, 48, 2),
(208, 48, 3),
(209, 48, 8),
(210, 48, 16),
(211, 49, 1),
(212, 49, 3),
(213, 49, 7),
(214, 49, 14),
(215, 49, 20),
(216, 50, 1),
(217, 50, 2),
(218, 50, 3),
(219, 50, 4),
(220, 50, 7),
(221, 50, 11),
(222, 50, 14),
(223, 50, 22),
(224, 51, 1),
(225, 51, 2),
(226, 51, 3),
(227, 51, 14),
(228, 51, 17),
(229, 51, 20),
(230, 52, 1),
(231, 52, 3),
(234, 52, 14),
(232, 52, 33),
(233, 52, 35),
(235, 52, 46),
(236, 53, 1),
(237, 53, 3),
(238, 53, 7),
(239, 53, 10),
(240, 53, 14),
(241, 53, 16),
(242, 53, 20),
(243, 53, 46),
(244, 54, 1),
(245, 54, 3),
(247, 54, 7),
(248, 54, 10),
(249, 54, 23),
(250, 54, 24),
(246, 54, 32),
(251, 55, 1),
(252, 55, 2),
(253, 55, 3),
(254, 55, 4),
(255, 55, 5),
(256, 55, 7),
(259, 55, 14),
(260, 55, 20),
(257, 55, 35),
(258, 55, 55),
(261, 56, 1),
(263, 56, 2),
(264, 56, 3),
(265, 56, 4),
(266, 56, 5),
(267, 56, 7),
(268, 56, 11),
(269, 56, 20),
(270, 56, 23),
(262, 56, 56),
(271, 57, 1),
(272, 57, 2),
(273, 57, 3),
(275, 57, 7),
(276, 57, 10),
(277, 57, 11),
(278, 57, 13),
(279, 57, 14),
(280, 57, 16),
(281, 57, 20),
(282, 57, 22),
(283, 57, 25),
(274, 57, 50),
(284, 58, 1),
(285, 58, 2),
(286, 58, 3),
(287, 58, 4),
(288, 58, 5),
(289, 58, 7),
(291, 58, 10),
(292, 58, 11),
(293, 58, 14),
(294, 58, 23),
(290, 58, 36),
(295, 59, 1),
(299, 59, 24),
(297, 59, 39),
(296, 59, 50),
(298, 59, 58),
(300, 60, 1),
(301, 60, 2),
(302, 60, 3),
(303, 60, 4),
(305, 60, 7),
(307, 60, 10),
(308, 60, 14),
(309, 60, 17),
(310, 60, 25),
(304, 60, 32),
(306, 60, 36),
(311, 61, 1),
(312, 61, 2),
(313, 61, 3),
(314, 61, 4),
(315, 61, 7),
(316, 61, 10),
(317, 61, 13),
(318, 61, 14),
(319, 61, 20),
(320, 61, 22),
(321, 61, 25),
(322, 62, 1),
(323, 62, 2),
(324, 62, 3),
(325, 62, 7),
(326, 62, 10),
(327, 62, 14),
(328, 62, 25),
(329, 62, 49),
(330, 63, 1),
(331, 63, 2),
(332, 63, 3),
(333, 63, 4),
(334, 63, 6),
(335, 63, 7),
(336, 63, 10),
(337, 63, 11),
(338, 63, 14),
(340, 63, 20),
(342, 63, 24),
(341, 63, 46),
(339, 63, 51),
(343, 64, 1),
(344, 64, 2),
(345, 64, 3),
(346, 64, 4),
(347, 64, 7),
(349, 64, 10),
(350, 64, 14),
(351, 64, 20),
(348, 64, 37),
(352, 64, 49),
(353, 65, 1),
(354, 65, 3),
(355, 65, 7),
(356, 65, 10),
(357, 65, 14),
(358, 65, 16),
(359, 66, 1),
(360, 66, 3),
(361, 66, 7),
(363, 66, 14),
(364, 66, 16),
(365, 66, 20),
(362, 66, 38),
(366, 66, 46),
(367, 67, 1),
(369, 67, 3),
(370, 67, 4),
(371, 67, 7),
(372, 67, 11),
(373, 67, 12),
(374, 67, 14),
(368, 67, 28),
(375, 67, 53);

-- --------------------------------------------------------

--
-- Estrutura da tabela `paginas`
--

CREATE TABLE `paginas` (
  `id_pagina` int(11) NOT NULL,
  `id_manga` int(11) NOT NULL,
  `id_capitulos` int(11) NOT NULL,
  `caminho_pagina` varchar(255) NOT NULL
) ENGINE=InnoDB DEFAULT CHARSET=utf8mb4 COLLATE=utf8mb4_general_ci;

--
-- Extraindo dados da tabela `paginas`
--

INSERT INTO `paginas` (`id_pagina`, `id_manga`, `id_capitulos`, `caminho_pagina`) VALUES
(1173, 50, 116, 'https://res.cloudinary.com/dghfkjx36/image/upload/v1749149080/mangas/solo-maxlevel-newbie/capitulo-0/ierbuwkijlqzq8irngho.webp'),
(1174, 50, 116, 'https://res.cloudinary.com/dghfkjx36/image/upload/v1749149081/mangas/solo-maxlevel-newbie/capitulo-0/wpuwbutnkwyk7bdchcmb.webp'),
(1175, 50, 116, 'https://res.cloudinary.com/dghfkjx36/image/upload/v1749149082/mangas/solo-maxlevel-newbie/capitulo-0/ttj2lp8fbiglbuxrqtel.webp'),
(1176, 50, 116, 'https://res.cloudinary.com/dghfkjx36/image/upload/v1749149083/mangas/solo-maxlevel-newbie/capitulo-0/srvlvbstrpv6racyp6p3.webp'),
(1177, 50, 116, 'https://res.cloudinary.com/dghfkjx36/image/upload/v1749149084/mangas/solo-maxlevel-newbie/capitulo-0/wdhtknd0f1tyfrybubgl.webp'),
(1178, 50, 116, 'https://res.cloudinary.com/dghfkjx36/image/upload/v1749149085/mangas/solo-maxlevel-newbie/capitulo-0/x7euifz8ict8vxluybli.webp'),
(1179, 50, 116, 'https://res.cloudinary.com/dghfkjx36/image/upload/v1749149086/mangas/solo-maxlevel-newbie/capitulo-0/hoxtgzumwhv6wkuipgf0.webp'),
(1180, 50, 116, 'https://res.cloudinary.com/dghfkjx36/image/upload/v1749149087/mangas/solo-maxlevel-newbie/capitulo-0/ahldupz21ojbjvfgs01t.webp'),
(1181, 50, 116, 'https://res.cloudinary.com/dghfkjx36/image/upload/v1749149088/mangas/solo-maxlevel-newbie/capitulo-0/uaggas3usrwazuerfmv0.webp'),
(1182, 50, 116, 'https://res.cloudinary.com/dghfkjx36/image/upload/v1749149088/mangas/solo-maxlevel-newbie/capitulo-0/uyrndv4kxogz38rylm52.webp'),
(1183, 50, 116, 'https://res.cloudinary.com/dghfkjx36/image/upload/v1749149089/mangas/solo-maxlevel-newbie/capitulo-0/lwdlzngzpozvfdwuhnm2.webp'),
(1184, 50, 116, 'https://res.cloudinary.com/dghfkjx36/image/upload/v1749149090/mangas/solo-maxlevel-newbie/capitulo-0/t6uf3dp0loao3zuqamuj.webp'),
(1185, 50, 116, 'https://res.cloudinary.com/dghfkjx36/image/upload/v1749149091/mangas/solo-maxlevel-newbie/capitulo-0/rlxthricwmddmgn2umdn.webp'),
(1186, 50, 116, 'https://res.cloudinary.com/dghfkjx36/image/upload/v1749149092/mangas/solo-maxlevel-newbie/capitulo-0/mtfyjug9nmccocuyrpmi.webp'),
(1187, 50, 116, 'https://res.cloudinary.com/dghfkjx36/image/upload/v1749149092/mangas/solo-maxlevel-newbie/capitulo-0/qwptaiiv8fvg0jb2dul0.webp'),
(1188, 50, 117, 'https://res.cloudinary.com/dghfkjx36/image/upload/v1749149104/mangas/solo-maxlevel-newbie/capitulo-1/lubjpu95al7c1xlgduyg.webp'),
(1189, 50, 117, 'https://res.cloudinary.com/dghfkjx36/image/upload/v1749149105/mangas/solo-maxlevel-newbie/capitulo-1/ve1260c7g9tq8kox2nbo.webp'),
(1190, 50, 117, 'https://res.cloudinary.com/dghfkjx36/image/upload/v1749149106/mangas/solo-maxlevel-newbie/capitulo-1/ced1zzegrq8bnhytgd68.webp'),
(1191, 50, 117, 'https://res.cloudinary.com/dghfkjx36/image/upload/v1749149107/mangas/solo-maxlevel-newbie/capitulo-1/cpp0snce3ru7xxnfv12t.webp'),
(1192, 50, 117, 'https://res.cloudinary.com/dghfkjx36/image/upload/v1749149107/mangas/solo-maxlevel-newbie/capitulo-1/i9dtwamo78zlmhncy2hd.webp'),
(1193, 50, 117, 'https://res.cloudinary.com/dghfkjx36/image/upload/v1749149108/mangas/solo-maxlevel-newbie/capitulo-1/lurbppsyufb0riroyhce.webp'),
(1194, 50, 117, 'https://res.cloudinary.com/dghfkjx36/image/upload/v1749149109/mangas/solo-maxlevel-newbie/capitulo-1/divypj4k7firkmwsvxs9.webp'),
(1195, 50, 117, 'https://res.cloudinary.com/dghfkjx36/image/upload/v1749149110/mangas/solo-maxlevel-newbie/capitulo-1/f7x481bybgkzhfispock.webp'),
(1196, 50, 117, 'https://res.cloudinary.com/dghfkjx36/image/upload/v1749149110/mangas/solo-maxlevel-newbie/capitulo-1/w5cvlehpztdzaknfqhb1.webp'),
(1197, 50, 118, 'https://res.cloudinary.com/dghfkjx36/image/upload/v1749149124/mangas/solo-maxlevel-newbie/capitulo-2/eesrgo5h7lddlnvttkcp.webp'),
(1198, 50, 118, 'https://res.cloudinary.com/dghfkjx36/image/upload/v1749149126/mangas/solo-maxlevel-newbie/capitulo-2/esuajqblpqnhiklygfte.webp'),
(1199, 50, 118, 'https://res.cloudinary.com/dghfkjx36/image/upload/v1749149127/mangas/solo-maxlevel-newbie/capitulo-2/ghdkrwvmb6h5pydymzn6.webp'),
(1200, 50, 118, 'https://res.cloudinary.com/dghfkjx36/image/upload/v1749149128/mangas/solo-maxlevel-newbie/capitulo-2/bmqpmjslrzuip2xy9lfl.webp'),
(1201, 50, 118, 'https://res.cloudinary.com/dghfkjx36/image/upload/v1749149129/mangas/solo-maxlevel-newbie/capitulo-2/ji91padgu0dfu5cazrgw.webp'),
(1202, 50, 118, 'https://res.cloudinary.com/dghfkjx36/image/upload/v1749149130/mangas/solo-maxlevel-newbie/capitulo-2/gg8ivnudnyrzy1rjhj70.webp'),
(1203, 50, 118, 'https://res.cloudinary.com/dghfkjx36/image/upload/v1749149132/mangas/solo-maxlevel-newbie/capitulo-2/xey45wbmvd22xzmnzryl.webp'),
(1204, 50, 118, 'https://res.cloudinary.com/dghfkjx36/image/upload/v1749149134/mangas/solo-maxlevel-newbie/capitulo-2/mjlzj8hz6rlboge1oymh.webp'),
(1205, 50, 118, 'https://res.cloudinary.com/dghfkjx36/image/upload/v1749149135/mangas/solo-maxlevel-newbie/capitulo-2/hyv5jwf9kncfuaya9ryf.webp'),
(1206, 50, 118, 'https://res.cloudinary.com/dghfkjx36/image/upload/v1749149136/mangas/solo-maxlevel-newbie/capitulo-2/xsejoqy0vqyeij53vfo7.webp'),
(1207, 50, 119, 'https://res.cloudinary.com/dghfkjx36/image/upload/v1749149167/mangas/solo-maxlevel-newbie/capitulo-3/meczubmilf0yrsijcvmm.webp'),
(1208, 50, 119, 'https://res.cloudinary.com/dghfkjx36/image/upload/v1749149169/mangas/solo-maxlevel-newbie/capitulo-3/sja7cq9rccgqvnbbrd0i.webp'),
(1209, 50, 119, 'https://res.cloudinary.com/dghfkjx36/image/upload/v1749149171/mangas/solo-maxlevel-newbie/capitulo-3/ddultc69khkgi6bng9xx.webp'),
(1210, 50, 119, 'https://res.cloudinary.com/dghfkjx36/image/upload/v1749149172/mangas/solo-maxlevel-newbie/capitulo-3/vc0hwboo6xwjkay0xpdw.webp'),
(1211, 50, 119, 'https://res.cloudinary.com/dghfkjx36/image/upload/v1749149173/mangas/solo-maxlevel-newbie/capitulo-3/iq9ijuzpeh5rvteecxfs.webp'),
(1212, 50, 119, 'https://res.cloudinary.com/dghfkjx36/image/upload/v1749149174/mangas/solo-maxlevel-newbie/capitulo-3/iiwqxeqcuawlhsyg6qc2.webp'),
(1213, 50, 119, 'https://res.cloudinary.com/dghfkjx36/image/upload/v1749149175/mangas/solo-maxlevel-newbie/capitulo-3/ov38pvvbznoyd8a9mbnj.webp'),
(1214, 50, 119, 'https://res.cloudinary.com/dghfkjx36/image/upload/v1749149177/mangas/solo-maxlevel-newbie/capitulo-3/vvm5m5em3dvpl4nefwsp.webp'),
(1215, 50, 119, 'https://res.cloudinary.com/dghfkjx36/image/upload/v1749149178/mangas/solo-maxlevel-newbie/capitulo-3/tvugxsn5wbh2ytwmuipr.webp'),
(1216, 50, 119, 'https://res.cloudinary.com/dghfkjx36/image/upload/v1749149180/mangas/solo-maxlevel-newbie/capitulo-3/pijrip1cjugvohxgcgnw.webp'),
(1217, 50, 119, 'https://res.cloudinary.com/dghfkjx36/image/upload/v1749149180/mangas/solo-maxlevel-newbie/capitulo-3/ldwzi9lvaqv9l22blfue.webp'),
(1218, 50, 119, 'https://res.cloudinary.com/dghfkjx36/image/upload/v1749149182/mangas/solo-maxlevel-newbie/capitulo-3/i3wc8ugiykr34t2v6cvs.webp'),
(1219, 50, 119, 'https://res.cloudinary.com/dghfkjx36/image/upload/v1749149183/mangas/solo-maxlevel-newbie/capitulo-3/vhv3rkjrut3kc12hpvbz.webp'),
(1220, 50, 119, 'https://res.cloudinary.com/dghfkjx36/image/upload/v1749149184/mangas/solo-maxlevel-newbie/capitulo-3/mdviqovajm3sgduhkqqt.webp'),
(1221, 50, 120, 'https://res.cloudinary.com/dghfkjx36/image/upload/v1749149200/mangas/solo-maxlevel-newbie/capitulo-4/ek6tw2rzi7iwheegfcvd.webp'),
(1222, 50, 120, 'https://res.cloudinary.com/dghfkjx36/image/upload/v1749149201/mangas/solo-maxlevel-newbie/capitulo-4/ehqf4tllegwie9heincb.webp'),
(1223, 50, 120, 'https://res.cloudinary.com/dghfkjx36/image/upload/v1749149202/mangas/solo-maxlevel-newbie/capitulo-4/pyxxor8iiungqmcn9m6e.webp'),
(1224, 50, 120, 'https://res.cloudinary.com/dghfkjx36/image/upload/v1749149203/mangas/solo-maxlevel-newbie/capitulo-4/j8ujspwm2fa5hbfojmty.webp'),
(1225, 50, 120, 'https://res.cloudinary.com/dghfkjx36/image/upload/v1749149204/mangas/solo-maxlevel-newbie/capitulo-4/picsrdhuubrtvxzvoa0d.webp'),
(1226, 50, 120, 'https://res.cloudinary.com/dghfkjx36/image/upload/v1749149205/mangas/solo-maxlevel-newbie/capitulo-4/j5cks3qblnndxuvgix87.webp'),
(1227, 50, 120, 'https://res.cloudinary.com/dghfkjx36/image/upload/v1749149206/mangas/solo-maxlevel-newbie/capitulo-4/yqpuxuvafwtdytwgcvrb.webp'),
(1228, 50, 120, 'https://res.cloudinary.com/dghfkjx36/image/upload/v1749149207/mangas/solo-maxlevel-newbie/capitulo-4/ol9sbj2qrjjkc3jwwrcw.webp'),
(1229, 50, 120, 'https://res.cloudinary.com/dghfkjx36/image/upload/v1749149208/mangas/solo-maxlevel-newbie/capitulo-4/efqubhwnhxltiqsjkle7.webp'),
(1230, 50, 120, 'https://res.cloudinary.com/dghfkjx36/image/upload/v1749149208/mangas/solo-maxlevel-newbie/capitulo-4/m9yzaliqitnqoidzzouk.webp'),
(1231, 50, 120, 'https://res.cloudinary.com/dghfkjx36/image/upload/v1749149209/mangas/solo-maxlevel-newbie/capitulo-4/rx2liri4bfopdqx0js92.webp'),
(1232, 50, 120, 'https://res.cloudinary.com/dghfkjx36/image/upload/v1749149210/mangas/solo-maxlevel-newbie/capitulo-4/j2hasg4nv4klgrhw499h.webp'),
(1233, 50, 120, 'https://res.cloudinary.com/dghfkjx36/image/upload/v1749149211/mangas/solo-maxlevel-newbie/capitulo-4/ghubtmnjdeqaie3mz452.webp'),
(1234, 50, 121, 'https://res.cloudinary.com/dghfkjx36/image/upload/v1749149233/mangas/solo-maxlevel-newbie/capitulo-5/pzckeqk0msdik9iltcv5.webp'),
(1235, 50, 121, 'https://res.cloudinary.com/dghfkjx36/image/upload/v1749149234/mangas/solo-maxlevel-newbie/capitulo-5/tcf7w8mm4qbq9om4ucbp.webp'),
(1236, 50, 121, 'https://res.cloudinary.com/dghfkjx36/image/upload/v1749149235/mangas/solo-maxlevel-newbie/capitulo-5/om4wxkfmllqpkrl1mira.webp'),
(1237, 50, 121, 'https://res.cloudinary.com/dghfkjx36/image/upload/v1749149236/mangas/solo-maxlevel-newbie/capitulo-5/bbv2amsy8uow1rvn8fnw.webp'),
(1238, 50, 121, 'https://res.cloudinary.com/dghfkjx36/image/upload/v1749149237/mangas/solo-maxlevel-newbie/capitulo-5/aq2qzk4ymhz60yngz6z0.webp'),
(1239, 50, 121, 'https://res.cloudinary.com/dghfkjx36/image/upload/v1749149238/mangas/solo-maxlevel-newbie/capitulo-5/zwvtia58k2h02kvyoswm.webp'),
(1240, 50, 121, 'https://res.cloudinary.com/dghfkjx36/image/upload/v1749149239/mangas/solo-maxlevel-newbie/capitulo-5/vm1mecp7wef0gwhxkbtz.webp'),
(1241, 50, 121, 'https://res.cloudinary.com/dghfkjx36/image/upload/v1749149240/mangas/solo-maxlevel-newbie/capitulo-5/osckubgbtvbcawztgwxk.webp'),
(1242, 50, 121, 'https://res.cloudinary.com/dghfkjx36/image/upload/v1749149241/mangas/solo-maxlevel-newbie/capitulo-5/psjegbcuk6ayijwiuijo.webp'),
(1243, 50, 121, 'https://res.cloudinary.com/dghfkjx36/image/upload/v1749149241/mangas/solo-maxlevel-newbie/capitulo-5/tdaobgjzsbrkfayecqho.webp'),
(1244, 50, 121, 'https://res.cloudinary.com/dghfkjx36/image/upload/v1749149242/mangas/solo-maxlevel-newbie/capitulo-5/ucjh9dcnnf46cvsxoecw.webp'),
(1245, 50, 121, 'https://res.cloudinary.com/dghfkjx36/image/upload/v1749149243/mangas/solo-maxlevel-newbie/capitulo-5/zakg2jekwoqrij6huwfp.webp'),
(1246, 50, 121, 'https://res.cloudinary.com/dghfkjx36/image/upload/v1749149244/mangas/solo-maxlevel-newbie/capitulo-5/oaebpjpwglroztrkmtzn.webp'),
(1247, 50, 121, 'https://res.cloudinary.com/dghfkjx36/image/upload/v1749149248/mangas/solo-maxlevel-newbie/capitulo-5/irufo9gc9gifc90uvkmf.webp'),
(1248, 50, 121, 'https://res.cloudinary.com/dghfkjx36/image/upload/v1749149248/mangas/solo-maxlevel-newbie/capitulo-5/vd8ylml4pfn41jaqrq7t.webp'),
(1249, 50, 121, 'https://res.cloudinary.com/dghfkjx36/image/upload/v1749149249/mangas/solo-maxlevel-newbie/capitulo-5/efoqqhbh3olzcc4qykut.webp'),
(1250, 50, 121, 'https://res.cloudinary.com/dghfkjx36/image/upload/v1749149250/mangas/solo-maxlevel-newbie/capitulo-5/f3tkdxpbfvomcrs3hcy8.webp'),
(1251, 50, 121, 'https://res.cloudinary.com/dghfkjx36/image/upload/v1749149251/mangas/solo-maxlevel-newbie/capitulo-5/sbyijs7yu8rr8nybstb9.webp'),
(1252, 50, 121, 'https://res.cloudinary.com/dghfkjx36/image/upload/v1749149251/mangas/solo-maxlevel-newbie/capitulo-5/irbmutuno8fmwtewvw5o.webp'),
(1253, 50, 121, 'https://res.cloudinary.com/dghfkjx36/image/upload/v1749149252/mangas/solo-maxlevel-newbie/capitulo-5/jf7b8gsbh3vb743inqrs.webp'),
(1254, 49, 122, 'https://res.cloudinary.com/dghfkjx36/image/upload/v1749327746/mangas/solo-leveling/capitulo-0/daofnkmjzeknpisva5z8.webp'),
(1255, 49, 122, 'https://res.cloudinary.com/dghfkjx36/image/upload/v1749327747/mangas/solo-leveling/capitulo-0/ybfk44c6frvdak4dddpg.webp'),
(1256, 49, 122, 'https://res.cloudinary.com/dghfkjx36/image/upload/v1749327749/mangas/solo-leveling/capitulo-0/dxwefl2b0ocxpxo1i0t1.webp'),
(1257, 49, 122, 'https://res.cloudinary.com/dghfkjx36/image/upload/v1749327750/mangas/solo-leveling/capitulo-0/hf03vyrw8y8cpbbn5ucs.webp'),
(1258, 49, 122, 'https://res.cloudinary.com/dghfkjx36/image/upload/v1749327752/mangas/solo-leveling/capitulo-0/ybaacbwc6stgmbtciio5.webp'),
(1259, 49, 122, 'https://res.cloudinary.com/dghfkjx36/image/upload/v1749327754/mangas/solo-leveling/capitulo-0/xxpievjbxud8wmnkutcf.webp'),
(1260, 49, 122, 'https://res.cloudinary.com/dghfkjx36/image/upload/v1749327755/mangas/solo-leveling/capitulo-0/h9gvxgwsbhzf0b7ev8gl.webp'),
(1261, 49, 122, 'https://res.cloudinary.com/dghfkjx36/image/upload/v1749327757/mangas/solo-leveling/capitulo-0/lmq46zv4b7wy5utxx5qh.webp'),
(1262, 49, 122, 'https://res.cloudinary.com/dghfkjx36/image/upload/v1749327758/mangas/solo-leveling/capitulo-0/smbxpbxnyjjuhsibwfdy.webp'),
(1303, 51, 128, 'https://res.cloudinary.com/dghfkjx36/image/upload/v1749328633/mangas/martial-god-regressed-to-level-2/capitulo-1/wvn9tliux8axlchh57un.webp'),
(1304, 51, 128, 'https://res.cloudinary.com/dghfkjx36/image/upload/v1749328637/mangas/martial-god-regressed-to-level-2/capitulo-1/fsqg00obkezi58e8ldhg.webp'),
(1305, 51, 128, 'https://res.cloudinary.com/dghfkjx36/image/upload/v1749328639/mangas/martial-god-regressed-to-level-2/capitulo-1/t4rwa7ph1u5zzbfqz3x3.webp'),
(1306, 51, 128, 'https://res.cloudinary.com/dghfkjx36/image/upload/v1749328641/mangas/martial-god-regressed-to-level-2/capitulo-1/p449wgryv27chjzcdzps.webp'),
(1307, 51, 128, 'https://res.cloudinary.com/dghfkjx36/image/upload/v1749328643/mangas/martial-god-regressed-to-level-2/capitulo-1/ov1kczvrqfviidpj1bka.webp'),
(1308, 51, 128, 'https://res.cloudinary.com/dghfkjx36/image/upload/v1749328646/mangas/martial-god-regressed-to-level-2/capitulo-1/sdfmexr8vai50p3y6kjj.webp'),
(1309, 51, 128, 'https://res.cloudinary.com/dghfkjx36/image/upload/v1749328648/mangas/martial-god-regressed-to-level-2/capitulo-1/azy8wcgnk6z3et8dsp2r.webp'),
(1310, 51, 128, 'https://res.cloudinary.com/dghfkjx36/image/upload/v1749328651/mangas/martial-god-regressed-to-level-2/capitulo-1/ujhndcnjj5awnii7bisr.webp'),
(1311, 51, 128, 'https://res.cloudinary.com/dghfkjx36/image/upload/v1749328653/mangas/martial-god-regressed-to-level-2/capitulo-1/nuvofe8tiaqfibexv8dr.webp'),
(1312, 51, 128, 'https://res.cloudinary.com/dghfkjx36/image/upload/v1749328656/mangas/martial-god-regressed-to-level-2/capitulo-1/c9puvuidvawykyzk0m95.webp'),
(1313, 51, 128, 'https://res.cloudinary.com/dghfkjx36/image/upload/v1749328658/mangas/martial-god-regressed-to-level-2/capitulo-1/fl4kg7pbfieksldzf66a.webp'),
(1314, 51, 128, 'https://res.cloudinary.com/dghfkjx36/image/upload/v1749328661/mangas/martial-god-regressed-to-level-2/capitulo-1/vg8so8xt8e4pyogkoylk.webp'),
(1315, 51, 128, 'https://res.cloudinary.com/dghfkjx36/image/upload/v1749328663/mangas/martial-god-regressed-to-level-2/capitulo-1/y9pdxp2pn4ytfkujukz8.webp'),
(1316, 51, 128, 'https://res.cloudinary.com/dghfkjx36/image/upload/v1749328665/mangas/martial-god-regressed-to-level-2/capitulo-1/tdgam0bya1rwbdcl5iuw.webp'),
(1317, 51, 128, 'https://res.cloudinary.com/dghfkjx36/image/upload/v1749328668/mangas/martial-god-regressed-to-level-2/capitulo-1/e1hfna0g95yo9i366mum.webp'),
(1318, 51, 128, 'https://res.cloudinary.com/dghfkjx36/image/upload/v1749328670/mangas/martial-god-regressed-to-level-2/capitulo-1/sqcobknm00rbbwyn0hf5.webp'),
(1319, 51, 128, 'https://res.cloudinary.com/dghfkjx36/image/upload/v1749328673/mangas/martial-god-regressed-to-level-2/capitulo-1/vo8gzpk1whh6z5xk76hn.webp'),
(1320, 51, 128, 'https://res.cloudinary.com/dghfkjx36/image/upload/v1749328675/mangas/martial-god-regressed-to-level-2/capitulo-1/mz3y2qiyurmhf8flnegz.webp'),
(1321, 51, 128, 'https://res.cloudinary.com/dghfkjx36/image/upload/v1749328678/mangas/martial-god-regressed-to-level-2/capitulo-1/uhdkvhc3gleae1mo32fh.webp'),
(1322, 51, 128, 'https://res.cloudinary.com/dghfkjx36/image/upload/v1749328680/mangas/martial-god-regressed-to-level-2/capitulo-1/xxapgg0hcdxnsvyf5dr2.webp'),
(1323, 51, 128, 'https://res.cloudinary.com/dghfkjx36/image/upload/v1749328683/mangas/martial-god-regressed-to-level-2/capitulo-1/dnyz88vo70dunedxekdg.webp'),
(1324, 51, 128, 'https://res.cloudinary.com/dghfkjx36/image/upload/v1749328685/mangas/martial-god-regressed-to-level-2/capitulo-1/jeq3mwv96f6h8nvb0okp.webp'),
(1325, 51, 128, 'https://res.cloudinary.com/dghfkjx36/image/upload/v1749328687/mangas/martial-god-regressed-to-level-2/capitulo-1/hd3zyvwma645r37sxi20.webp'),
(1326, 51, 128, 'https://res.cloudinary.com/dghfkjx36/image/upload/v1749328689/mangas/martial-god-regressed-to-level-2/capitulo-1/ivlklvsyxvrxaanzgasx.webp'),
(1327, 51, 128, 'https://res.cloudinary.com/dghfkjx36/image/upload/v1749328691/mangas/martial-god-regressed-to-level-2/capitulo-1/cmahia6yioztpjojb0ma.webp'),
(1328, 51, 128, 'https://res.cloudinary.com/dghfkjx36/image/upload/v1749328693/mangas/martial-god-regressed-to-level-2/capitulo-1/uvn5glm9g7h9jdeghpjh.webp'),
(1329, 51, 128, 'https://res.cloudinary.com/dghfkjx36/image/upload/v1749328695/mangas/martial-god-regressed-to-level-2/capitulo-1/zyftifddiv9bdgvhojlf.webp'),
(1330, 51, 128, 'https://res.cloudinary.com/dghfkjx36/image/upload/v1749328698/mangas/martial-god-regressed-to-level-2/capitulo-1/nmd5xjsqujyxls4zkhni.webp'),
(1331, 51, 128, 'https://res.cloudinary.com/dghfkjx36/image/upload/v1749328698/mangas/martial-god-regressed-to-level-2/capitulo-1/zkwlz6pdrgvfadjsecwz.webp'),
(1332, 51, 128, 'https://res.cloudinary.com/dghfkjx36/image/upload/v1749328700/mangas/martial-god-regressed-to-level-2/capitulo-1/sud6inozbjxc4xgclxji.webp'),
(1333, 51, 129, 'https://res.cloudinary.com/dghfkjx36/image/upload/v1749337270/mangas/martial-god-regressed-to-level-2/capitulo-2/d7sqryuuwws5zdady6tt.webp'),
(1334, 51, 129, 'https://res.cloudinary.com/dghfkjx36/image/upload/v1749337273/mangas/martial-god-regressed-to-level-2/capitulo-2/eqpghfnm9twh9xncig6f.webp'),
(1335, 51, 129, 'https://res.cloudinary.com/dghfkjx36/image/upload/v1749337275/mangas/martial-god-regressed-to-level-2/capitulo-2/bapiivwy0kqmuyvsc6gz.webp'),
(1336, 51, 129, 'https://res.cloudinary.com/dghfkjx36/image/upload/v1749337277/mangas/martial-god-regressed-to-level-2/capitulo-2/ntijyu4bynwjkjk1wu8a.webp'),
(1337, 51, 129, 'https://res.cloudinary.com/dghfkjx36/image/upload/v1749337280/mangas/martial-god-regressed-to-level-2/capitulo-2/rbajsvbmvxh6qjzxgxwe.webp'),
(1338, 51, 129, 'https://res.cloudinary.com/dghfkjx36/image/upload/v1749337282/mangas/martial-god-regressed-to-level-2/capitulo-2/vktrqkxwyd9qip86dkpe.webp'),
(1339, 51, 129, 'https://res.cloudinary.com/dghfkjx36/image/upload/v1749337284/mangas/martial-god-regressed-to-level-2/capitulo-2/bpwhxozabfus0dqlmrux.webp'),
(1340, 51, 129, 'https://res.cloudinary.com/dghfkjx36/image/upload/v1749337287/mangas/martial-god-regressed-to-level-2/capitulo-2/hgv9qjvsuecepmdfldmh.webp'),
(1341, 51, 129, 'https://res.cloudinary.com/dghfkjx36/image/upload/v1749337289/mangas/martial-god-regressed-to-level-2/capitulo-2/yarti6un7pejewzvieb2.webp'),
(1342, 51, 129, 'https://res.cloudinary.com/dghfkjx36/image/upload/v1749337291/mangas/martial-god-regressed-to-level-2/capitulo-2/e4czcmpvblyp7a3his2w.webp'),
(1343, 51, 129, 'https://res.cloudinary.com/dghfkjx36/image/upload/v1749337293/mangas/martial-god-regressed-to-level-2/capitulo-2/u1ybywbyg4uzyzrxqxgw.webp'),
(1344, 51, 129, 'https://res.cloudinary.com/dghfkjx36/image/upload/v1749337295/mangas/martial-god-regressed-to-level-2/capitulo-2/yztsw21ggvzhvuaxaeca.webp'),
(1345, 51, 129, 'https://res.cloudinary.com/dghfkjx36/image/upload/v1749337297/mangas/martial-god-regressed-to-level-2/capitulo-2/lhzyzdpqeurev9dxhyin.webp'),
(1346, 51, 129, 'https://res.cloudinary.com/dghfkjx36/image/upload/v1749337300/mangas/martial-god-regressed-to-level-2/capitulo-2/hyoas8v65ayorr94bbdm.webp'),
(1347, 51, 129, 'https://res.cloudinary.com/dghfkjx36/image/upload/v1749337302/mangas/martial-god-regressed-to-level-2/capitulo-2/fixkiinawysjoas5ntrd.webp'),
(1348, 51, 129, 'https://res.cloudinary.com/dghfkjx36/image/upload/v1749337305/mangas/martial-god-regressed-to-level-2/capitulo-2/mmjl8ekh2j6cv7et7tyc.webp'),
(1349, 51, 129, 'https://res.cloudinary.com/dghfkjx36/image/upload/v1749337308/mangas/martial-god-regressed-to-level-2/capitulo-2/d2mz66aevuopmkwvg3wy.webp'),
(1350, 51, 129, 'https://res.cloudinary.com/dghfkjx36/image/upload/v1749337310/mangas/martial-god-regressed-to-level-2/capitulo-2/bazppxt1mjb6jzcfpjgq.webp'),
(1351, 51, 129, 'https://res.cloudinary.com/dghfkjx36/image/upload/v1749337312/mangas/martial-god-regressed-to-level-2/capitulo-2/e4et9x6edkawvuxemb80.webp'),
(1352, 51, 129, 'https://res.cloudinary.com/dghfkjx36/image/upload/v1749337314/mangas/martial-god-regressed-to-level-2/capitulo-2/yfs07d2kj6tjtq2mtzsl.webp'),
(1353, 51, 129, 'https://res.cloudinary.com/dghfkjx36/image/upload/v1749337315/mangas/martial-god-regressed-to-level-2/capitulo-2/xt9tgaa6xsg3nl92zmk0.webp'),
(1354, 51, 129, 'https://res.cloudinary.com/dghfkjx36/image/upload/v1749337316/mangas/martial-god-regressed-to-level-2/capitulo-2/y4qfex2zitfm2qpcnsha.webp'),
(1355, 51, 130, 'https://res.cloudinary.com/dghfkjx36/image/upload/v1749337331/mangas/martial-god-regressed-to-level-2/capitulo-3/i2btz2bk1cl2mbtoshat.webp'),
(1356, 51, 130, 'https://res.cloudinary.com/dghfkjx36/image/upload/v1749337335/mangas/martial-god-regressed-to-level-2/capitulo-3/jtwrjifndbh3gqh81o7b.webp'),
(1357, 51, 130, 'https://res.cloudinary.com/dghfkjx36/image/upload/v1749337339/mangas/martial-god-regressed-to-level-2/capitulo-3/qcq4xzrriywe82l8hinf.webp'),
(1358, 51, 130, 'https://res.cloudinary.com/dghfkjx36/image/upload/v1749337341/mangas/martial-god-regressed-to-level-2/capitulo-3/vfjr1gz9y8wvmwrvkmfx.webp'),
(1359, 51, 130, 'https://res.cloudinary.com/dghfkjx36/image/upload/v1749337343/mangas/martial-god-regressed-to-level-2/capitulo-3/dmztxrfmjoblfm88yzrd.webp'),
(1360, 51, 130, 'https://res.cloudinary.com/dghfkjx36/image/upload/v1749337346/mangas/martial-god-regressed-to-level-2/capitulo-3/qryluvtvbdlapqfgx31b.webp'),
(1361, 51, 130, 'https://res.cloudinary.com/dghfkjx36/image/upload/v1749337348/mangas/martial-god-regressed-to-level-2/capitulo-3/kszeo7woyhylrkf7clte.webp'),
(1362, 51, 130, 'https://res.cloudinary.com/dghfkjx36/image/upload/v1749337350/mangas/martial-god-regressed-to-level-2/capitulo-3/ok7pu9rowaxt3fpqmo3f.webp'),
(1363, 51, 130, 'https://res.cloudinary.com/dghfkjx36/image/upload/v1749337353/mangas/martial-god-regressed-to-level-2/capitulo-3/gajncmxnxkz5hordgtmg.webp'),
(1364, 51, 130, 'https://res.cloudinary.com/dghfkjx36/image/upload/v1749337355/mangas/martial-god-regressed-to-level-2/capitulo-3/zkvk8vo5s6pmx0rtdgho.webp'),
(1365, 51, 130, 'https://res.cloudinary.com/dghfkjx36/image/upload/v1749337357/mangas/martial-god-regressed-to-level-2/capitulo-3/gqmmacdbh2emnsmwfqzj.webp'),
(1366, 51, 130, 'https://res.cloudinary.com/dghfkjx36/image/upload/v1749337359/mangas/martial-god-regressed-to-level-2/capitulo-3/sxfbqia9rddb2d0kwfkj.webp'),
(1367, 51, 130, 'https://res.cloudinary.com/dghfkjx36/image/upload/v1749337361/mangas/martial-god-regressed-to-level-2/capitulo-3/gdomopcglpimetvw3sst.webp'),
(1368, 51, 130, 'https://res.cloudinary.com/dghfkjx36/image/upload/v1749337364/mangas/martial-god-regressed-to-level-2/capitulo-3/tdwztflv9pnjuk1jut1t.webp'),
(1369, 51, 130, 'https://res.cloudinary.com/dghfkjx36/image/upload/v1749337366/mangas/martial-god-regressed-to-level-2/capitulo-3/lqtgtvk3jbvttqthmzyh.webp'),
(1370, 51, 130, 'https://res.cloudinary.com/dghfkjx36/image/upload/v1749337369/mangas/martial-god-regressed-to-level-2/capitulo-3/y5v0bem0gnvs9ieiut53.webp'),
(1371, 51, 130, 'https://res.cloudinary.com/dghfkjx36/image/upload/v1749337371/mangas/martial-god-regressed-to-level-2/capitulo-3/sm6ygxakcy5drlbiu227.webp'),
(1372, 51, 130, 'https://res.cloudinary.com/dghfkjx36/image/upload/v1749337374/mangas/martial-god-regressed-to-level-2/capitulo-3/p9sdde8wugp7uvyi58u5.webp'),
(1373, 51, 130, 'https://res.cloudinary.com/dghfkjx36/image/upload/v1749337376/mangas/martial-god-regressed-to-level-2/capitulo-3/wk1horkmsqhltwdnqc1z.webp'),
(1374, 51, 130, 'https://res.cloudinary.com/dghfkjx36/image/upload/v1749337378/mangas/martial-god-regressed-to-level-2/capitulo-3/qjtbuhgkrzrwvmx7sr2z.webp'),
(1375, 51, 130, 'https://res.cloudinary.com/dghfkjx36/image/upload/v1749337379/mangas/martial-god-regressed-to-level-2/capitulo-3/tz4ja56pwe7ddwviertf.webp'),
(1376, 51, 131, 'https://res.cloudinary.com/dghfkjx36/image/upload/v1749337394/mangas/martial-god-regressed-to-level-2/capitulo-4/ouzvwwjsqxnjqi4udxdt.webp'),
(1377, 51, 131, 'https://res.cloudinary.com/dghfkjx36/image/upload/v1749337398/mangas/martial-god-regressed-to-level-2/capitulo-4/opkrpgzpgmjosfcbnrux.webp'),
(1378, 51, 131, 'https://res.cloudinary.com/dghfkjx36/image/upload/v1749337401/mangas/martial-god-regressed-to-level-2/capitulo-4/yxcagfji8cdkngbkhgml.webp'),
(1379, 51, 131, 'https://res.cloudinary.com/dghfkjx36/image/upload/v1749337404/mangas/martial-god-regressed-to-level-2/capitulo-4/iaxk32w3fjwbg7suehst.webp'),
(1380, 51, 131, 'https://res.cloudinary.com/dghfkjx36/image/upload/v1749337406/mangas/martial-god-regressed-to-level-2/capitulo-4/kwactrbem9nyjp3bxi8u.webp'),
(1381, 51, 131, 'https://res.cloudinary.com/dghfkjx36/image/upload/v1749337409/mangas/martial-god-regressed-to-level-2/capitulo-4/deki7hl8xrifez4uwmtd.webp'),
(1382, 51, 131, 'https://res.cloudinary.com/dghfkjx36/image/upload/v1749337412/mangas/martial-god-regressed-to-level-2/capitulo-4/ydy8la1xnonfrl6zo0bp.webp'),
(1383, 51, 131, 'https://res.cloudinary.com/dghfkjx36/image/upload/v1749337414/mangas/martial-god-regressed-to-level-2/capitulo-4/nmbdkwvomrx4ogecr0kc.webp'),
(1384, 51, 131, 'https://res.cloudinary.com/dghfkjx36/image/upload/v1749337416/mangas/martial-god-regressed-to-level-2/capitulo-4/h2pubfxh2qu3q0rzs1jq.webp'),
(1385, 51, 131, 'https://res.cloudinary.com/dghfkjx36/image/upload/v1749337418/mangas/martial-god-regressed-to-level-2/capitulo-4/qdvg9qby7qmp8b0jjdf9.webp'),
(1386, 51, 131, 'https://res.cloudinary.com/dghfkjx36/image/upload/v1749337420/mangas/martial-god-regressed-to-level-2/capitulo-4/hhaevrdqvof5mwgp4gv9.webp'),
(1387, 51, 131, 'https://res.cloudinary.com/dghfkjx36/image/upload/v1749337421/mangas/martial-god-regressed-to-level-2/capitulo-4/t0csxtlx3ygw8lgkrftb.webp'),
(1388, 51, 131, 'https://res.cloudinary.com/dghfkjx36/image/upload/v1749337423/mangas/martial-god-regressed-to-level-2/capitulo-4/rkzzgj3jgjftjqefkusl.webp'),
(1389, 51, 131, 'https://res.cloudinary.com/dghfkjx36/image/upload/v1749337425/mangas/martial-god-regressed-to-level-2/capitulo-4/n63frkhghnuvs6xpoeol.webp'),
(1390, 51, 131, 'https://res.cloudinary.com/dghfkjx36/image/upload/v1749337427/mangas/martial-god-regressed-to-level-2/capitulo-4/gtpnlfilgrjgcllnshzk.webp'),
(1391, 51, 131, 'https://res.cloudinary.com/dghfkjx36/image/upload/v1749337430/mangas/martial-god-regressed-to-level-2/capitulo-4/nmw09ltubftevyc16icw.webp'),
(1392, 51, 131, 'https://res.cloudinary.com/dghfkjx36/image/upload/v1749337432/mangas/martial-god-regressed-to-level-2/capitulo-4/kow8mlaxydjmvysk2xnf.webp'),
(1393, 51, 131, 'https://res.cloudinary.com/dghfkjx36/image/upload/v1749337434/mangas/martial-god-regressed-to-level-2/capitulo-4/mwc9hlckx2zix0a5jn92.webp'),
(1394, 51, 131, 'https://res.cloudinary.com/dghfkjx36/image/upload/v1749337436/mangas/martial-god-regressed-to-level-2/capitulo-4/ywtjplkug2n7djyi4ex7.webp'),
(1395, 51, 131, 'https://res.cloudinary.com/dghfkjx36/image/upload/v1749337437/mangas/martial-god-regressed-to-level-2/capitulo-4/zg8ityczw81sqwyzwtwd.webp'),
(1396, 51, 132, 'https://res.cloudinary.com/dghfkjx36/image/upload/v1749337475/mangas/martial-god-regressed-to-level-2/capitulo-5/k2pag3twblfajgl8inig.webp'),
(1397, 51, 132, 'https://res.cloudinary.com/dghfkjx36/image/upload/v1749337478/mangas/martial-god-regressed-to-level-2/capitulo-5/ldpepcimvfamlazuzdx6.webp'),
(1398, 51, 132, 'https://res.cloudinary.com/dghfkjx36/image/upload/v1749337481/mangas/martial-god-regressed-to-level-2/capitulo-5/veg87hwi3esjgcivujpe.webp'),
(1399, 51, 132, 'https://res.cloudinary.com/dghfkjx36/image/upload/v1749337483/mangas/martial-god-regressed-to-level-2/capitulo-5/dcbk0uij6927cqrxhhkd.webp'),
(1400, 51, 132, 'https://res.cloudinary.com/dghfkjx36/image/upload/v1749337485/mangas/martial-god-regressed-to-level-2/capitulo-5/p02ocs5efwovt6kczbpn.webp'),
(1401, 51, 132, 'https://res.cloudinary.com/dghfkjx36/image/upload/v1749337487/mangas/martial-god-regressed-to-level-2/capitulo-5/q6rei8k6yqxwmon9uamb.webp'),
(1402, 51, 132, 'https://res.cloudinary.com/dghfkjx36/image/upload/v1749337489/mangas/martial-god-regressed-to-level-2/capitulo-5/fanyh3bjuldsiwecckuj.webp'),
(1403, 51, 132, 'https://res.cloudinary.com/dghfkjx36/image/upload/v1749337492/mangas/martial-god-regressed-to-level-2/capitulo-5/e0mknhr9xechbeleffy3.webp'),
(1404, 51, 132, 'https://res.cloudinary.com/dghfkjx36/image/upload/v1749337494/mangas/martial-god-regressed-to-level-2/capitulo-5/zgnziqi6kkoebdsbioyo.webp'),
(1405, 51, 132, 'https://res.cloudinary.com/dghfkjx36/image/upload/v1749337496/mangas/martial-god-regressed-to-level-2/capitulo-5/b32ng2kqdq79iizne0uu.webp'),
(1406, 51, 132, 'https://res.cloudinary.com/dghfkjx36/image/upload/v1749337498/mangas/martial-god-regressed-to-level-2/capitulo-5/spz3wdz9iaxmm6oodqc1.webp'),
(1407, 51, 132, 'https://res.cloudinary.com/dghfkjx36/image/upload/v1749337500/mangas/martial-god-regressed-to-level-2/capitulo-5/o69e9zqiaimy0y0eyj24.webp'),
(1408, 51, 132, 'https://res.cloudinary.com/dghfkjx36/image/upload/v1749337503/mangas/martial-god-regressed-to-level-2/capitulo-5/ucitjcpmb1wvw3yi1ita.webp'),
(1409, 51, 132, 'https://res.cloudinary.com/dghfkjx36/image/upload/v1749337507/mangas/martial-god-regressed-to-level-2/capitulo-5/tifcigmbhjgwlj0fhv8z.webp'),
(1410, 51, 132, 'https://res.cloudinary.com/dghfkjx36/image/upload/v1749337508/mangas/martial-god-regressed-to-level-2/capitulo-5/hgjuexqbemjcq3jc0bjl.webp'),
(1411, 51, 132, 'https://res.cloudinary.com/dghfkjx36/image/upload/v1749337509/mangas/martial-god-regressed-to-level-2/capitulo-5/snk2733qsnbwndk5mati.webp'),
(1412, 51, 133, 'https://res.cloudinary.com/dghfkjx36/image/upload/v1749337549/mangas/martial-god-regressed-to-level-2/capitulo-6/wmobkec4mhzysuvkav0v.webp'),
(1413, 51, 133, 'https://res.cloudinary.com/dghfkjx36/image/upload/v1749337552/mangas/martial-god-regressed-to-level-2/capitulo-6/xhh3rsvky7ybwbbaltzj.webp'),
(1414, 51, 133, 'https://res.cloudinary.com/dghfkjx36/image/upload/v1749337554/mangas/martial-god-regressed-to-level-2/capitulo-6/tagrepmi63cp9vahzuqx.webp'),
(1415, 51, 133, 'https://res.cloudinary.com/dghfkjx36/image/upload/v1749337556/mangas/martial-god-regressed-to-level-2/capitulo-6/dshiqgo87er8afdt2rmf.webp'),
(1416, 51, 133, 'https://res.cloudinary.com/dghfkjx36/image/upload/v1749337558/mangas/martial-god-regressed-to-level-2/capitulo-6/u8eejy7jbltq3lwpbhwy.webp'),
(1417, 51, 133, 'https://res.cloudinary.com/dghfkjx36/image/upload/v1749337561/mangas/martial-god-regressed-to-level-2/capitulo-6/dg5a8vtk8vgehpzcxcxz.webp'),
(1418, 51, 133, 'https://res.cloudinary.com/dghfkjx36/image/upload/v1749337564/mangas/martial-god-regressed-to-level-2/capitulo-6/ayj0hjctkhrfkfy26znn.webp'),
(1419, 51, 133, 'https://res.cloudinary.com/dghfkjx36/image/upload/v1749337566/mangas/martial-god-regressed-to-level-2/capitulo-6/k8hsy8rrxkfg5pz5u3g5.webp'),
(1420, 51, 133, 'https://res.cloudinary.com/dghfkjx36/image/upload/v1749337568/mangas/martial-god-regressed-to-level-2/capitulo-6/d1yhgzfi5uhc5ffyjvgu.webp'),
(1421, 51, 133, 'https://res.cloudinary.com/dghfkjx36/image/upload/v1749337571/mangas/martial-god-regressed-to-level-2/capitulo-6/xi7paymjjl4hxjmbvnyq.webp'),
(1422, 51, 133, 'https://res.cloudinary.com/dghfkjx36/image/upload/v1749337573/mangas/martial-god-regressed-to-level-2/capitulo-6/hb5s2ncxfjyttlufdfeu.webp'),
(1423, 51, 133, 'https://res.cloudinary.com/dghfkjx36/image/upload/v1749337575/mangas/martial-god-regressed-to-level-2/capitulo-6/xf5yjzc2ator3i0mx9g8.webp'),
(1424, 51, 134, 'https://res.cloudinary.com/dghfkjx36/image/upload/v1749337592/mangas/martial-god-regressed-to-level-2/capitulo-7/wopscvkrry8ij6u5ev7p.webp'),
(1425, 51, 134, 'https://res.cloudinary.com/dghfkjx36/image/upload/v1749337595/mangas/martial-god-regressed-to-level-2/capitulo-7/vz0uasy5o0kzqmdrftnb.webp'),
(1426, 51, 134, 'https://res.cloudinary.com/dghfkjx36/image/upload/v1749337597/mangas/martial-god-regressed-to-level-2/capitulo-7/rmrexkanbzhag262wbtl.webp'),
(1427, 51, 134, 'https://res.cloudinary.com/dghfkjx36/image/upload/v1749337600/mangas/martial-god-regressed-to-level-2/capitulo-7/tyd7g1fyrcg30iu8ftbn.webp'),
(1428, 51, 134, 'https://res.cloudinary.com/dghfkjx36/image/upload/v1749337603/mangas/martial-god-regressed-to-level-2/capitulo-7/khmxtiyzvq2qcytl9y06.webp'),
(1429, 51, 134, 'https://res.cloudinary.com/dghfkjx36/image/upload/v1749337605/mangas/martial-god-regressed-to-level-2/capitulo-7/znf6pvjvlecesig7hy2v.webp'),
(1430, 51, 134, 'https://res.cloudinary.com/dghfkjx36/image/upload/v1749337608/mangas/martial-god-regressed-to-level-2/capitulo-7/bdc0oondhakdhuntspbt.webp'),
(1431, 51, 134, 'https://res.cloudinary.com/dghfkjx36/image/upload/v1749337610/mangas/martial-god-regressed-to-level-2/capitulo-7/xvufcdkndyzgu8kf4ypa.webp'),
(1432, 51, 134, 'https://res.cloudinary.com/dghfkjx36/image/upload/v1749337612/mangas/martial-god-regressed-to-level-2/capitulo-7/gvy1jroogjo5y569qmzq.webp'),
(1433, 51, 134, 'https://res.cloudinary.com/dghfkjx36/image/upload/v1749337614/mangas/martial-god-regressed-to-level-2/capitulo-7/iijooztbuwhmesygkarw.webp'),
(1434, 51, 134, 'https://res.cloudinary.com/dghfkjx36/image/upload/v1749337616/mangas/martial-god-regressed-to-level-2/capitulo-7/d0zzyaamvsn1mcmupenv.webp'),
(1435, 51, 134, 'https://res.cloudinary.com/dghfkjx36/image/upload/v1749337620/mangas/martial-god-regressed-to-level-2/capitulo-7/ouwbuyzncxo3zar5ghbf.webp'),
(1436, 51, 134, 'https://res.cloudinary.com/dghfkjx36/image/upload/v1749337622/mangas/martial-god-regressed-to-level-2/capitulo-7/d7exsh1iadja1g7b5eek.webp'),
(1437, 51, 134, 'https://res.cloudinary.com/dghfkjx36/image/upload/v1749337625/mangas/martial-god-regressed-to-level-2/capitulo-7/ggadcml0akjjgzs8iedj.webp'),
(1438, 51, 134, 'https://res.cloudinary.com/dghfkjx36/image/upload/v1749337628/mangas/martial-god-regressed-to-level-2/capitulo-7/ij6gdrxupffslnjbhycv.webp'),
(1439, 51, 134, 'https://res.cloudinary.com/dghfkjx36/image/upload/v1749337629/mangas/martial-god-regressed-to-level-2/capitulo-7/lry9njml0wjactiz0b76.webp'),
(1440, 51, 135, 'https://res.cloudinary.com/dghfkjx36/image/upload/v1749337649/mangas/martial-god-regressed-to-level-2/capitulo-8/b8gwx5olc0eofot2bqh2.webp'),
(1441, 51, 135, 'https://res.cloudinary.com/dghfkjx36/image/upload/v1749337652/mangas/martial-god-regressed-to-level-2/capitulo-8/getusrbritxf8ocp6xa5.webp'),
(1442, 51, 135, 'https://res.cloudinary.com/dghfkjx36/image/upload/v1749337654/mangas/martial-god-regressed-to-level-2/capitulo-8/bmpnoom95d5ikiqow42i.webp'),
(1443, 51, 135, 'https://res.cloudinary.com/dghfkjx36/image/upload/v1749337657/mangas/martial-god-regressed-to-level-2/capitulo-8/yemur7i310pi4wzyclga.webp'),
(1444, 51, 135, 'https://res.cloudinary.com/dghfkjx36/image/upload/v1749337659/mangas/martial-god-regressed-to-level-2/capitulo-8/exn8zqv9plotlbxdv6ln.webp'),
(1445, 51, 135, 'https://res.cloudinary.com/dghfkjx36/image/upload/v1749337661/mangas/martial-god-regressed-to-level-2/capitulo-8/yvur2w9lneirdf35ps7w.webp'),
(1446, 51, 135, 'https://res.cloudinary.com/dghfkjx36/image/upload/v1749337663/mangas/martial-god-regressed-to-level-2/capitulo-8/dke3zzgdkqr5a63iekrh.webp'),
(1447, 51, 135, 'https://res.cloudinary.com/dghfkjx36/image/upload/v1749337665/mangas/martial-god-regressed-to-level-2/capitulo-8/qweqg1rz6mhumubcpsel.webp'),
(1448, 51, 135, 'https://res.cloudinary.com/dghfkjx36/image/upload/v1749337667/mangas/martial-god-regressed-to-level-2/capitulo-8/jyxr45nvpo0ttihb4vfx.webp'),
(1449, 51, 135, 'https://res.cloudinary.com/dghfkjx36/image/upload/v1749337669/mangas/martial-god-regressed-to-level-2/capitulo-8/uvzguuotjuh0exw40t3n.webp'),
(1450, 51, 135, 'https://res.cloudinary.com/dghfkjx36/image/upload/v1749337671/mangas/martial-god-regressed-to-level-2/capitulo-8/b2j9l6bnxs8qencbuvv8.webp'),
(1451, 51, 135, 'https://res.cloudinary.com/dghfkjx36/image/upload/v1749337674/mangas/martial-god-regressed-to-level-2/capitulo-8/hdqmqop3sdjneypwnk5a.webp'),
(1452, 51, 135, 'https://res.cloudinary.com/dghfkjx36/image/upload/v1749337675/mangas/martial-god-regressed-to-level-2/capitulo-8/kqex76htgx29ywsk7cq2.webp'),
(1453, 51, 135, 'https://res.cloudinary.com/dghfkjx36/image/upload/v1749337676/mangas/martial-god-regressed-to-level-2/capitulo-8/wpra0lxclkukjxqnampu.webp'),
(1454, 51, 136, 'https://res.cloudinary.com/dghfkjx36/image/upload/v1749337688/mangas/martial-god-regressed-to-level-2/capitulo-9/luwhspqlk6qnhkbgfycz.webp'),
(1455, 51, 136, 'https://res.cloudinary.com/dghfkjx36/image/upload/v1749337691/mangas/martial-god-regressed-to-level-2/capitulo-9/o1pbd6jyzyav7gblzxif.webp'),
(1456, 51, 136, 'https://res.cloudinary.com/dghfkjx36/image/upload/v1749337693/mangas/martial-god-regressed-to-level-2/capitulo-9/zcdnwid272ccwprdxx6g.webp'),
(1457, 51, 136, 'https://res.cloudinary.com/dghfkjx36/image/upload/v1749337695/mangas/martial-god-regressed-to-level-2/capitulo-9/umqhtcot2g4lr5qon4fz.webp'),
(1458, 51, 136, 'https://res.cloudinary.com/dghfkjx36/image/upload/v1749337697/mangas/martial-god-regressed-to-level-2/capitulo-9/ubxpky3u8bzy4iasu6ok.webp'),
(1459, 51, 136, 'https://res.cloudinary.com/dghfkjx36/image/upload/v1749337699/mangas/martial-god-regressed-to-level-2/capitulo-9/pziqjyxipshdawjsuaee.webp'),
(1460, 51, 136, 'https://res.cloudinary.com/dghfkjx36/image/upload/v1749337701/mangas/martial-god-regressed-to-level-2/capitulo-9/ed6ysfi22mwlzl3ksg62.webp'),
(1461, 51, 136, 'https://res.cloudinary.com/dghfkjx36/image/upload/v1749337704/mangas/martial-god-regressed-to-level-2/capitulo-9/eaq8caoqzoxft47otpyx.webp'),
(1462, 51, 136, 'https://res.cloudinary.com/dghfkjx36/image/upload/v1749337706/mangas/martial-god-regressed-to-level-2/capitulo-9/ynotnthchv3su9otwhrf.webp'),
(1463, 51, 136, 'https://res.cloudinary.com/dghfkjx36/image/upload/v1749337708/mangas/martial-god-regressed-to-level-2/capitulo-9/hfxl7mne1u5vuwqx2tsu.webp'),
(1464, 51, 136, 'https://res.cloudinary.com/dghfkjx36/image/upload/v1749337711/mangas/martial-god-regressed-to-level-2/capitulo-9/nleko4pou4rmfgqjzaea.webp'),
(1465, 51, 136, 'https://res.cloudinary.com/dghfkjx36/image/upload/v1749337714/mangas/martial-god-regressed-to-level-2/capitulo-9/hxhfuwmufqrktjgdmibs.webp'),
(1466, 51, 136, 'https://res.cloudinary.com/dghfkjx36/image/upload/v1749337717/mangas/martial-god-regressed-to-level-2/capitulo-9/ycsqmqyerzl1xhzpcq08.webp'),
(1467, 51, 136, 'https://res.cloudinary.com/dghfkjx36/image/upload/v1749337720/mangas/martial-god-regressed-to-level-2/capitulo-9/mbhj01r1blcljzffjts9.webp'),
(1468, 51, 136, 'https://res.cloudinary.com/dghfkjx36/image/upload/v1749337721/mangas/martial-god-regressed-to-level-2/capitulo-9/bmgessbcks9thgmisdyd.webp'),
(1469, 51, 136, 'https://res.cloudinary.com/dghfkjx36/image/upload/v1749337722/mangas/martial-god-regressed-to-level-2/capitulo-9/mkahexflxbsexmaraayh.webp'),
(1470, 49, 123, 'https://res.cloudinary.com/dghfkjx36/image/upload/v1749337765/mangas/solo-leveling/capitulo-1/qlpnwchyslvh8p3rbubp.webp'),
(1471, 49, 123, 'https://res.cloudinary.com/dghfkjx36/image/upload/v1749337767/mangas/solo-leveling/capitulo-1/dknps3ulnwzgllii9uhe.webp'),
(1472, 49, 123, 'https://res.cloudinary.com/dghfkjx36/image/upload/v1749337768/mangas/solo-leveling/capitulo-1/iruyvwxdnj2pzdv7qpze.webp'),
(1473, 49, 123, 'https://res.cloudinary.com/dghfkjx36/image/upload/v1749337769/mangas/solo-leveling/capitulo-1/vwiqiurry4qlcwiu9oxx.webp'),
(1474, 49, 123, 'https://res.cloudinary.com/dghfkjx36/image/upload/v1749337771/mangas/solo-leveling/capitulo-1/pntdjyjjttotaflowzus.webp'),
(1475, 49, 123, 'https://res.cloudinary.com/dghfkjx36/image/upload/v1749337772/mangas/solo-leveling/capitulo-1/zjtxpk0wwvzbz1yccmuz.webp'),
(1476, 49, 123, 'https://res.cloudinary.com/dghfkjx36/image/upload/v1749337773/mangas/solo-leveling/capitulo-1/zixq1s3tk6c9h2suohsf.webp'),
(1477, 49, 123, 'https://res.cloudinary.com/dghfkjx36/image/upload/v1749337775/mangas/solo-leveling/capitulo-1/pqhaqpeoe70hnbalxisc.webp'),
(1478, 49, 123, 'https://res.cloudinary.com/dghfkjx36/image/upload/v1749337776/mangas/solo-leveling/capitulo-1/j8b23xcvsvfrwxng6swj.webp'),
(1479, 49, 123, 'https://res.cloudinary.com/dghfkjx36/image/upload/v1749337777/mangas/solo-leveling/capitulo-1/hci9dozinputzp56zbyv.webp'),
(1480, 49, 123, 'https://res.cloudinary.com/dghfkjx36/image/upload/v1749337778/mangas/solo-leveling/capitulo-1/zfzn22f1jox3vlneuboe.webp'),
(1481, 49, 123, 'https://res.cloudinary.com/dghfkjx36/image/upload/v1749337779/mangas/solo-leveling/capitulo-1/izkylgllasqlwkclssgr.webp'),
(1482, 49, 123, 'https://res.cloudinary.com/dghfkjx36/image/upload/v1749337781/mangas/solo-leveling/capitulo-1/ambc5vb7l073nnboa4d4.webp'),
(1483, 49, 123, 'https://res.cloudinary.com/dghfkjx36/image/upload/v1749337782/mangas/solo-leveling/capitulo-1/r9sxysvrhn9rnlpqymah.webp'),
(1484, 49, 124, 'https://res.cloudinary.com/dghfkjx36/image/upload/v1749337794/mangas/solo-leveling/capitulo-2/w5cnqzkhbtccyxzsy7a8.webp'),
(1485, 49, 124, 'https://res.cloudinary.com/dghfkjx36/image/upload/v1749337796/mangas/solo-leveling/capitulo-2/hsd3uhybsxhdqpc6k82r.webp'),
(1486, 49, 124, 'https://res.cloudinary.com/dghfkjx36/image/upload/v1749337797/mangas/solo-leveling/capitulo-2/ldygkmkw5tn0idc1sui8.webp'),
(1487, 49, 124, 'https://res.cloudinary.com/dghfkjx36/image/upload/v1749337799/mangas/solo-leveling/capitulo-2/f1fuwcz2f5f8sxjoxukq.webp'),
(1488, 49, 124, 'https://res.cloudinary.com/dghfkjx36/image/upload/v1749337800/mangas/solo-leveling/capitulo-2/s5ez7rw6kh76me60lvrf.webp'),
(1489, 49, 124, 'https://res.cloudinary.com/dghfkjx36/image/upload/v1749337801/mangas/solo-leveling/capitulo-2/tmnwktmzjelmdxot9bwb.webp'),
(1490, 49, 124, 'https://res.cloudinary.com/dghfkjx36/image/upload/v1749337803/mangas/solo-leveling/capitulo-2/oy3ukiab160hsizpfxic.webp'),
(1491, 49, 124, 'https://res.cloudinary.com/dghfkjx36/image/upload/v1749337804/mangas/solo-leveling/capitulo-2/akkytn9m6qo2bdflyysi.webp'),
(1492, 49, 124, 'https://res.cloudinary.com/dghfkjx36/image/upload/v1749337806/mangas/solo-leveling/capitulo-2/hmrel7dejwd43h3cpk4h.webp'),
(1493, 49, 124, 'https://res.cloudinary.com/dghfkjx36/image/upload/v1749337807/mangas/solo-leveling/capitulo-2/mhokskzjhztv6339qxfp.webp'),
(1494, 49, 124, 'https://res.cloudinary.com/dghfkjx36/image/upload/v1749337809/mangas/solo-leveling/capitulo-2/jqis6cyxfsry5sjce81n.webp'),
(1495, 49, 124, 'https://res.cloudinary.com/dghfkjx36/image/upload/v1749337810/mangas/solo-leveling/capitulo-2/kvzd5t0p1vewm2yn6tl1.webp'),
(1496, 49, 137, 'https://res.cloudinary.com/dghfkjx36/image/upload/v1749337827/mangas/solo-leveling/capitulo-3/tsbtspnrqnn8gtrdzop3.webp'),
(1497, 49, 137, 'https://res.cloudinary.com/dghfkjx36/image/upload/v1749337828/mangas/solo-leveling/capitulo-3/apt6d4tf3pnwvnqkdwbg.webp'),
(1498, 49, 137, 'https://res.cloudinary.com/dghfkjx36/image/upload/v1749337829/mangas/solo-leveling/capitulo-3/nwsbkeg6u8o4gq4mm4be.webp'),
(1499, 49, 137, 'https://res.cloudinary.com/dghfkjx36/image/upload/v1749337831/mangas/solo-leveling/capitulo-3/spuydqbiakvsokd9qsol.webp'),
(1500, 49, 137, 'https://res.cloudinary.com/dghfkjx36/image/upload/v1749337832/mangas/solo-leveling/capitulo-3/htj6tu1w94qpm9tz8iqg.webp'),
(1501, 49, 137, 'https://res.cloudinary.com/dghfkjx36/image/upload/v1749337833/mangas/solo-leveling/capitulo-3/auxsbgla1jqdrzuvii9i.webp'),
(1502, 49, 137, 'https://res.cloudinary.com/dghfkjx36/image/upload/v1749337834/mangas/solo-leveling/capitulo-3/kfhdw09nyyzfc805rudi.webp'),
(1503, 49, 137, 'https://res.cloudinary.com/dghfkjx36/image/upload/v1749337836/mangas/solo-leveling/capitulo-3/pbpgm08e5cjpygffsf9c.webp'),
(1504, 49, 137, 'https://res.cloudinary.com/dghfkjx36/image/upload/v1749337837/mangas/solo-leveling/capitulo-3/uk2ntitx1rkgrlejyy2d.webp'),
(1505, 49, 137, 'https://res.cloudinary.com/dghfkjx36/image/upload/v1749337839/mangas/solo-leveling/capitulo-3/s03me9zthc5rudn81ibx.webp'),
(1506, 49, 137, 'https://res.cloudinary.com/dghfkjx36/image/upload/v1749337841/mangas/solo-leveling/capitulo-3/vpzgugmzyighzxehbbsk.webp'),
(1507, 49, 137, 'https://res.cloudinary.com/dghfkjx36/image/upload/v1749337842/mangas/solo-leveling/capitulo-3/lkfxjwau1obmpyutvbxl.webp'),
(1508, 49, 137, 'https://res.cloudinary.com/dghfkjx36/image/upload/v1749337843/mangas/solo-leveling/capitulo-3/kges5uoygfzjyvda6voa.webp'),
(1509, 49, 137, 'https://res.cloudinary.com/dghfkjx36/image/upload/v1749337844/mangas/solo-leveling/capitulo-3/i3ldr57ikotmrfhxoboy.webp'),
(1510, 49, 137, 'https://res.cloudinary.com/dghfkjx36/image/upload/v1749337846/mangas/solo-leveling/capitulo-3/ufaonvoieatdeywzfe0y.webp'),
(1511, 49, 137, 'https://res.cloudinary.com/dghfkjx36/image/upload/v1749337848/mangas/solo-leveling/capitulo-3/keplejbapzyzqeyy2gc5.webp'),
(1512, 49, 138, 'https://res.cloudinary.com/dghfkjx36/image/upload/v1749337891/mangas/solo-leveling/capitulo-4/n2pyulaaneidms2va776.webp'),
(1513, 49, 138, 'https://res.cloudinary.com/dghfkjx36/image/upload/v1749337892/mangas/solo-leveling/capitulo-4/kb5zs9j4skd9fl6kzp5b.webp'),
(1514, 49, 138, 'https://res.cloudinary.com/dghfkjx36/image/upload/v1749337894/mangas/solo-leveling/capitulo-4/hrtnmfdeintkqkqk2ahl.webp'),
(1515, 49, 138, 'https://res.cloudinary.com/dghfkjx36/image/upload/v1749337895/mangas/solo-leveling/capitulo-4/ym6cxq7ffukssjv6gaei.webp'),
(1516, 49, 138, 'https://res.cloudinary.com/dghfkjx36/image/upload/v1749337897/mangas/solo-leveling/capitulo-4/zfxkiedoclzigcq9thva.webp'),
(1517, 49, 138, 'https://res.cloudinary.com/dghfkjx36/image/upload/v1749337899/mangas/solo-leveling/capitulo-4/wsrcy7asnylqjkqf9fyz.webp'),
(1518, 49, 138, 'https://res.cloudinary.com/dghfkjx36/image/upload/v1749337900/mangas/solo-leveling/capitulo-4/ah72hl7sye4bx0c72dkg.webp'),
(1519, 49, 138, 'https://res.cloudinary.com/dghfkjx36/image/upload/v1749337901/mangas/solo-leveling/capitulo-4/zaibakm1mh3knjadzn8n.webp'),
(1520, 49, 138, 'https://res.cloudinary.com/dghfkjx36/image/upload/v1749337902/mangas/solo-leveling/capitulo-4/vuhnwmhjodrdwfxzzhw0.webp'),
(1521, 49, 138, 'https://res.cloudinary.com/dghfkjx36/image/upload/v1749337903/mangas/solo-leveling/capitulo-4/o2obp34fph4lsnhipphs.webp'),
(1522, 49, 138, 'https://res.cloudinary.com/dghfkjx36/image/upload/v1749337905/mangas/solo-leveling/capitulo-4/ijblagrccsms5mdeeylz.webp'),
(1523, 49, 138, 'https://res.cloudinary.com/dghfkjx36/image/upload/v1749337906/mangas/solo-leveling/capitulo-4/cmzm7bykvlhhtgip2yki.webp'),
(1524, 49, 138, 'https://res.cloudinary.com/dghfkjx36/image/upload/v1749337908/mangas/solo-leveling/capitulo-4/enqu1zhjqcuse5ge4hhr.webp'),
(1525, 49, 138, 'https://res.cloudinary.com/dghfkjx36/image/upload/v1749337909/mangas/solo-leveling/capitulo-4/no75i669cypggx5hd6dv.webp'),
(1526, 49, 138, 'https://res.cloudinary.com/dghfkjx36/image/upload/v1749337910/mangas/solo-leveling/capitulo-4/m8tmajdgij4npbc46blk.webp'),
(1527, 49, 138, 'https://res.cloudinary.com/dghfkjx36/image/upload/v1749337912/mangas/solo-leveling/capitulo-4/gjdnl0tvq4k7iytvhgpw.webp'),
(1528, 49, 138, 'https://res.cloudinary.com/dghfkjx36/image/upload/v1749337913/mangas/solo-leveling/capitulo-4/vnjsnizyb47cy3jiddpd.webp'),
(1529, 49, 139, 'https://res.cloudinary.com/dghfkjx36/image/upload/v1749337957/mangas/solo-leveling/capitulo-5/lswb7wr05o9owshx2g9b.webp'),
(1530, 49, 139, 'https://res.cloudinary.com/dghfkjx36/image/upload/v1749337958/mangas/solo-leveling/capitulo-5/tykdb9ijctjulesgtsrp.webp'),
(1531, 49, 139, 'https://res.cloudinary.com/dghfkjx36/image/upload/v1749337960/mangas/solo-leveling/capitulo-5/pxiqysj8x42mm7mai3vk.webp'),
(1532, 49, 139, 'https://res.cloudinary.com/dghfkjx36/image/upload/v1749337962/mangas/solo-leveling/capitulo-5/a9btmrluu5lna56hihxl.webp'),
(1533, 49, 139, 'https://res.cloudinary.com/dghfkjx36/image/upload/v1749337964/mangas/solo-leveling/capitulo-5/japy6ihjvcdwrecdhmsq.webp'),
(1534, 49, 139, 'https://res.cloudinary.com/dghfkjx36/image/upload/v1749337965/mangas/solo-leveling/capitulo-5/fctf7e1olu0bqm23ixly.webp'),
(1535, 49, 139, 'https://res.cloudinary.com/dghfkjx36/image/upload/v1749337967/mangas/solo-leveling/capitulo-5/knn84oufesfg5ujztflw.webp'),
(1536, 49, 139, 'https://res.cloudinary.com/dghfkjx36/image/upload/v1749337969/mangas/solo-leveling/capitulo-5/yfxrv1dfac8dthg31pty.webp'),
(1537, 49, 139, 'https://res.cloudinary.com/dghfkjx36/image/upload/v1749337971/mangas/solo-leveling/capitulo-5/celcz58beqorehw2jx7v.webp'),
(1538, 49, 139, 'https://res.cloudinary.com/dghfkjx36/image/upload/v1749337972/mangas/solo-leveling/capitulo-5/yur3k12toj4majvwybmp.webp'),
(1539, 49, 139, 'https://res.cloudinary.com/dghfkjx36/image/upload/v1749337973/mangas/solo-leveling/capitulo-5/cn9xcflgglqbi9ls2370.webp'),
(1540, 49, 139, 'https://res.cloudinary.com/dghfkjx36/image/upload/v1749337975/mangas/solo-leveling/capitulo-5/zzpsy1iy72sflucgj40b.webp'),
(1541, 49, 139, 'https://res.cloudinary.com/dghfkjx36/image/upload/v1749337976/mangas/solo-leveling/capitulo-5/tvbt3lgk3bvnppxb4loc.webp'),
(1542, 49, 139, 'https://res.cloudinary.com/dghfkjx36/image/upload/v1749337977/mangas/solo-leveling/capitulo-5/j2sjpuqmbepbpmldbo0x.webp'),
(1543, 49, 139, 'https://res.cloudinary.com/dghfkjx36/image/upload/v1749337979/mangas/solo-leveling/capitulo-5/ub4hv7ia998ume9c1wph.webp'),
(1544, 49, 140, 'https://res.cloudinary.com/dghfkjx36/image/upload/v1749338006/mangas/solo-leveling/capitulo-6/s5wzfbgzys6cxaxa5wzs.webp'),
(1545, 49, 140, 'https://res.cloudinary.com/dghfkjx36/image/upload/v1749338008/mangas/solo-leveling/capitulo-6/a3tiplgnda83d7dgfkzx.webp'),
(1546, 49, 140, 'https://res.cloudinary.com/dghfkjx36/image/upload/v1749338009/mangas/solo-leveling/capitulo-6/doovpb0pmtnxgzzbwmez.webp');
INSERT INTO `paginas` (`id_pagina`, `id_manga`, `id_capitulos`, `caminho_pagina`) VALUES
(1547, 49, 140, 'https://res.cloudinary.com/dghfkjx36/image/upload/v1749338011/mangas/solo-leveling/capitulo-6/jvrawm80npoqgztm4trd.webp'),
(1548, 49, 140, 'https://res.cloudinary.com/dghfkjx36/image/upload/v1749338013/mangas/solo-leveling/capitulo-6/itjfdvgsi01e5ftsaedy.webp'),
(1549, 49, 140, 'https://res.cloudinary.com/dghfkjx36/image/upload/v1749338014/mangas/solo-leveling/capitulo-6/fpjvyax4o4byk7fk66bl.webp'),
(1550, 49, 140, 'https://res.cloudinary.com/dghfkjx36/image/upload/v1749338016/mangas/solo-leveling/capitulo-6/mm2hmu4wnlhxqnep8yml.webp'),
(1551, 49, 140, 'https://res.cloudinary.com/dghfkjx36/image/upload/v1749338017/mangas/solo-leveling/capitulo-6/xrj4cp66yatyp1y4c6c0.webp'),
(1552, 49, 140, 'https://res.cloudinary.com/dghfkjx36/image/upload/v1749338018/mangas/solo-leveling/capitulo-6/npzxpi8gacb2no0lxs5f.webp'),
(1553, 49, 140, 'https://res.cloudinary.com/dghfkjx36/image/upload/v1749338020/mangas/solo-leveling/capitulo-6/wba2wez1j5mansjoyuzm.webp'),
(1554, 49, 140, 'https://res.cloudinary.com/dghfkjx36/image/upload/v1749338021/mangas/solo-leveling/capitulo-6/l50mbhwwycdh8fwdiywr.webp'),
(1555, 49, 140, 'https://res.cloudinary.com/dghfkjx36/image/upload/v1749338023/mangas/solo-leveling/capitulo-6/ei4geh0aprrvkqi7w19q.webp'),
(1556, 49, 140, 'https://res.cloudinary.com/dghfkjx36/image/upload/v1749338025/mangas/solo-leveling/capitulo-6/le6n7pilop2wkbcndgnf.webp'),
(1557, 49, 140, 'https://res.cloudinary.com/dghfkjx36/image/upload/v1749338026/mangas/solo-leveling/capitulo-6/qzsbuzbii5p4xiojjrx4.webp'),
(1558, 49, 140, 'https://res.cloudinary.com/dghfkjx36/image/upload/v1749338028/mangas/solo-leveling/capitulo-6/vszvwg4o3ojdcxtbersl.webp'),
(1559, 49, 140, 'https://res.cloudinary.com/dghfkjx36/image/upload/v1749338029/mangas/solo-leveling/capitulo-6/s8itmcgoulvuuixv4hep.webp'),
(1560, 49, 140, 'https://res.cloudinary.com/dghfkjx36/image/upload/v1749338030/mangas/solo-leveling/capitulo-6/yr24mcttlkkop3so6awy.webp'),
(1561, 49, 140, 'https://res.cloudinary.com/dghfkjx36/image/upload/v1749338031/mangas/solo-leveling/capitulo-6/oplhfsjp9qdrlkpvotqx.webp'),
(1562, 49, 141, 'https://res.cloudinary.com/dghfkjx36/image/upload/v1749338131/mangas/solo-leveling/capitulo-7/x8h1s6mdcwvnk9rxoc8b.webp'),
(1563, 49, 141, 'https://res.cloudinary.com/dghfkjx36/image/upload/v1749338132/mangas/solo-leveling/capitulo-7/xj8a474wjjxwa3o2wo1a.webp'),
(1564, 49, 141, 'https://res.cloudinary.com/dghfkjx36/image/upload/v1749338134/mangas/solo-leveling/capitulo-7/hug7hy6cq4g6y4c6osev.webp'),
(1565, 49, 141, 'https://res.cloudinary.com/dghfkjx36/image/upload/v1749338135/mangas/solo-leveling/capitulo-7/ujee2mpgajojaprb48qk.webp'),
(1566, 49, 141, 'https://res.cloudinary.com/dghfkjx36/image/upload/v1749338137/mangas/solo-leveling/capitulo-7/ia2m6mxrafjjcwzqjjte.webp'),
(1567, 49, 141, 'https://res.cloudinary.com/dghfkjx36/image/upload/v1749338138/mangas/solo-leveling/capitulo-7/h1ungrmzob9yzihxqy7t.webp'),
(1568, 49, 141, 'https://res.cloudinary.com/dghfkjx36/image/upload/v1749338139/mangas/solo-leveling/capitulo-7/x26ibhz3basmwv8wqnbl.webp'),
(1569, 49, 141, 'https://res.cloudinary.com/dghfkjx36/image/upload/v1749338141/mangas/solo-leveling/capitulo-7/djlmslahwi05wqzvnt6o.webp'),
(1570, 49, 141, 'https://res.cloudinary.com/dghfkjx36/image/upload/v1749338142/mangas/solo-leveling/capitulo-7/ict5y0ezqhefftw0a2kl.webp'),
(1571, 49, 141, 'https://res.cloudinary.com/dghfkjx36/image/upload/v1749338144/mangas/solo-leveling/capitulo-7/k0zkxefvljql2yl7i8id.webp'),
(1572, 49, 141, 'https://res.cloudinary.com/dghfkjx36/image/upload/v1749338145/mangas/solo-leveling/capitulo-7/ywvrrxn0hg5mmjiuakpz.webp'),
(1573, 49, 141, 'https://res.cloudinary.com/dghfkjx36/image/upload/v1749338147/mangas/solo-leveling/capitulo-7/ccb2efmqnpaylxs4jpje.webp'),
(1574, 49, 141, 'https://res.cloudinary.com/dghfkjx36/image/upload/v1749338149/mangas/solo-leveling/capitulo-7/cuj0hpqhjtowqa6x8lkc.webp'),
(1575, 49, 141, 'https://res.cloudinary.com/dghfkjx36/image/upload/v1749338150/mangas/solo-leveling/capitulo-7/lyhjtnfb54mh5t5lampq.webp'),
(1576, 49, 141, 'https://res.cloudinary.com/dghfkjx36/image/upload/v1749338152/mangas/solo-leveling/capitulo-7/y4jjyztzipgxxeyfhj7v.webp'),
(1577, 49, 141, 'https://res.cloudinary.com/dghfkjx36/image/upload/v1749338154/mangas/solo-leveling/capitulo-7/edag47eb0p1dkz3degxn.webp'),
(1578, 49, 141, 'https://res.cloudinary.com/dghfkjx36/image/upload/v1749338155/mangas/solo-leveling/capitulo-7/mqyjjjhuijzkayhp3bqp.webp'),
(1579, 49, 141, 'https://res.cloudinary.com/dghfkjx36/image/upload/v1749338157/mangas/solo-leveling/capitulo-7/eunmhnivkhr884kqzupy.webp'),
(1580, 49, 141, 'https://res.cloudinary.com/dghfkjx36/image/upload/v1749338159/mangas/solo-leveling/capitulo-7/dvqnjgty5fjxkiuljeeu.webp'),
(1581, 49, 141, 'https://res.cloudinary.com/dghfkjx36/image/upload/v1749338161/mangas/solo-leveling/capitulo-7/m72jgojqihha3pwb8krm.webp'),
(1582, 49, 141, 'https://res.cloudinary.com/dghfkjx36/image/upload/v1749338163/mangas/solo-leveling/capitulo-7/dqyrtbugps2h7qtrixhr.webp'),
(1583, 49, 141, 'https://res.cloudinary.com/dghfkjx36/image/upload/v1749338164/mangas/solo-leveling/capitulo-7/w4pvrt4qvmshcxxrg2mq.webp'),
(1584, 49, 142, 'https://res.cloudinary.com/dghfkjx36/image/upload/v1749338220/mangas/solo-leveling/capitulo-8/dyockdyjzydum7tahqvt.webp'),
(1585, 49, 142, 'https://res.cloudinary.com/dghfkjx36/image/upload/v1749338222/mangas/solo-leveling/capitulo-8/zqbtfr2d7uv7vtfsp9mo.webp'),
(1586, 49, 142, 'https://res.cloudinary.com/dghfkjx36/image/upload/v1749338223/mangas/solo-leveling/capitulo-8/isx0brqmhb0pvgaqviue.webp'),
(1587, 49, 142, 'https://res.cloudinary.com/dghfkjx36/image/upload/v1749338225/mangas/solo-leveling/capitulo-8/sb6shwxkldczxvxkra3h.webp'),
(1588, 49, 142, 'https://res.cloudinary.com/dghfkjx36/image/upload/v1749338226/mangas/solo-leveling/capitulo-8/jo5avilms4fady4ktj6z.webp'),
(1589, 49, 142, 'https://res.cloudinary.com/dghfkjx36/image/upload/v1749338228/mangas/solo-leveling/capitulo-8/e2kp4owoeyyz7gh7gns1.webp'),
(1590, 49, 142, 'https://res.cloudinary.com/dghfkjx36/image/upload/v1749338230/mangas/solo-leveling/capitulo-8/j7mhzgbv9f8zdtvhug1x.webp'),
(1591, 49, 142, 'https://res.cloudinary.com/dghfkjx36/image/upload/v1749338231/mangas/solo-leveling/capitulo-8/t6mveivthynjjazv94xk.webp'),
(1592, 49, 142, 'https://res.cloudinary.com/dghfkjx36/image/upload/v1749338235/mangas/solo-leveling/capitulo-8/t6jmzo0udtsjbcgt6pru.webp'),
(1593, 49, 142, 'https://res.cloudinary.com/dghfkjx36/image/upload/v1749338237/mangas/solo-leveling/capitulo-8/co5xyboiegvmlaqlwao6.webp'),
(1594, 49, 142, 'https://res.cloudinary.com/dghfkjx36/image/upload/v1749338238/mangas/solo-leveling/capitulo-8/ctzcxtattaujz7ub7jeg.webp'),
(1595, 49, 142, 'https://res.cloudinary.com/dghfkjx36/image/upload/v1749338239/mangas/solo-leveling/capitulo-8/ejr8yxdvx7ka552elspq.webp'),
(1596, 49, 142, 'https://res.cloudinary.com/dghfkjx36/image/upload/v1749338240/mangas/solo-leveling/capitulo-8/p2m8leh9oqy9dmkvwuni.webp'),
(1597, 49, 142, 'https://res.cloudinary.com/dghfkjx36/image/upload/v1749338241/mangas/solo-leveling/capitulo-8/uvnzbltnfjo190kfy8xi.webp'),
(1598, 49, 142, 'https://res.cloudinary.com/dghfkjx36/image/upload/v1749338243/mangas/solo-leveling/capitulo-8/bojbgxmcba8sdy8np33f.webp'),
(1599, 49, 142, 'https://res.cloudinary.com/dghfkjx36/image/upload/v1749338244/mangas/solo-leveling/capitulo-8/wmpgfkevnbrulmuupv8h.webp'),
(1600, 49, 142, 'https://res.cloudinary.com/dghfkjx36/image/upload/v1749338245/mangas/solo-leveling/capitulo-8/sgf5z0gucpwexejymtrh.webp'),
(1601, 49, 142, 'https://res.cloudinary.com/dghfkjx36/image/upload/v1749338247/mangas/solo-leveling/capitulo-8/rhcklp7brzh54jdqabjv.webp'),
(1602, 49, 142, 'https://res.cloudinary.com/dghfkjx36/image/upload/v1749338248/mangas/solo-leveling/capitulo-8/yuimznjyiptdcp0uafej.webp'),
(1603, 49, 142, 'https://res.cloudinary.com/dghfkjx36/image/upload/v1749338250/mangas/solo-leveling/capitulo-8/kiukvp4dbrrqxjknqt5i.webp'),
(1604, 49, 142, 'https://res.cloudinary.com/dghfkjx36/image/upload/v1749338251/mangas/solo-leveling/capitulo-8/j5cudytrlchmwxuedala.webp'),
(1605, 49, 142, 'https://res.cloudinary.com/dghfkjx36/image/upload/v1749338252/mangas/solo-leveling/capitulo-8/ggfdrju7lkocu2z9aoxm.webp'),
(1606, 49, 142, 'https://res.cloudinary.com/dghfkjx36/image/upload/v1749338253/mangas/solo-leveling/capitulo-8/uxploehz5ugnjtf2vxzb.webp'),
(1607, 47, 144, 'https://res.cloudinary.com/dghfkjx36/image/upload/v1749411848/mangas/warrior-high-school--dungeon-raid-department/capitulo-1/seh0hmtp2x0osci86mme.webp'),
(1608, 47, 144, 'https://res.cloudinary.com/dghfkjx36/image/upload/v1749411850/mangas/warrior-high-school--dungeon-raid-department/capitulo-1/udab44envevbauqyrhnb.webp'),
(1609, 47, 144, 'https://res.cloudinary.com/dghfkjx36/image/upload/v1749411852/mangas/warrior-high-school--dungeon-raid-department/capitulo-1/s6u9xs6gu4doqaxkrigr.webp'),
(1610, 47, 144, 'https://res.cloudinary.com/dghfkjx36/image/upload/v1749411855/mangas/warrior-high-school--dungeon-raid-department/capitulo-1/lzaynd5zjirmo7jgtz0v.webp'),
(1611, 47, 144, 'https://res.cloudinary.com/dghfkjx36/image/upload/v1749411857/mangas/warrior-high-school--dungeon-raid-department/capitulo-1/f6kfiuys2kbuhesnyh8u.webp'),
(1612, 47, 144, 'https://res.cloudinary.com/dghfkjx36/image/upload/v1749411859/mangas/warrior-high-school--dungeon-raid-department/capitulo-1/cbpnjami8fdsqbavq6pi.webp'),
(1613, 47, 144, 'https://res.cloudinary.com/dghfkjx36/image/upload/v1749411861/mangas/warrior-high-school--dungeon-raid-department/capitulo-1/w12lkuyqkewxkcpxctsg.webp'),
(1614, 47, 144, 'https://res.cloudinary.com/dghfkjx36/image/upload/v1749411862/mangas/warrior-high-school--dungeon-raid-department/capitulo-1/co59c5pmrfp1x1fcf5x7.webp'),
(1615, 47, 144, 'https://res.cloudinary.com/dghfkjx36/image/upload/v1749411865/mangas/warrior-high-school--dungeon-raid-department/capitulo-1/oxn4bi27qcoiytstrcvf.webp'),
(1616, 47, 144, 'https://res.cloudinary.com/dghfkjx36/image/upload/v1749411867/mangas/warrior-high-school--dungeon-raid-department/capitulo-1/tx6zkqbxjpkaggfrzn5n.webp'),
(1617, 47, 144, 'https://res.cloudinary.com/dghfkjx36/image/upload/v1749411869/mangas/warrior-high-school--dungeon-raid-department/capitulo-1/yx8ety35iz8dcsaelgfm.webp'),
(1618, 47, 144, 'https://res.cloudinary.com/dghfkjx36/image/upload/v1749411871/mangas/warrior-high-school--dungeon-raid-department/capitulo-1/lsjmz7ct5bvyspn96boh.webp'),
(1619, 47, 144, 'https://res.cloudinary.com/dghfkjx36/image/upload/v1749411873/mangas/warrior-high-school--dungeon-raid-department/capitulo-1/boyzfw7hoh4davsp1zxi.webp'),
(1620, 47, 144, 'https://res.cloudinary.com/dghfkjx36/image/upload/v1749411875/mangas/warrior-high-school--dungeon-raid-department/capitulo-1/apl5zbip1jzujhmfgpgp.webp'),
(1621, 47, 144, 'https://res.cloudinary.com/dghfkjx36/image/upload/v1749411877/mangas/warrior-high-school--dungeon-raid-department/capitulo-1/nw6e4evwh44orgkhyrvj.webp'),
(1622, 47, 144, 'https://res.cloudinary.com/dghfkjx36/image/upload/v1749411879/mangas/warrior-high-school--dungeon-raid-department/capitulo-1/kkulgm3rwya06rpg9wam.webp'),
(1623, 47, 144, 'https://res.cloudinary.com/dghfkjx36/image/upload/v1749411882/mangas/warrior-high-school--dungeon-raid-department/capitulo-1/jxbjg4syyht1nzyduqj3.webp'),
(1624, 47, 144, 'https://res.cloudinary.com/dghfkjx36/image/upload/v1749411883/mangas/warrior-high-school--dungeon-raid-department/capitulo-1/giszhjbgosdgp5ckj08v.webp'),
(1625, 47, 144, 'https://res.cloudinary.com/dghfkjx36/image/upload/v1749411885/mangas/warrior-high-school--dungeon-raid-department/capitulo-1/k3gblyixifuueksbwfkp.webp'),
(1626, 47, 144, 'https://res.cloudinary.com/dghfkjx36/image/upload/v1749411888/mangas/warrior-high-school--dungeon-raid-department/capitulo-1/ctx6orpatp3vp9zifizj.webp'),
(1627, 47, 144, 'https://res.cloudinary.com/dghfkjx36/image/upload/v1749411890/mangas/warrior-high-school--dungeon-raid-department/capitulo-1/tivd8zhbr85r3pweekat.webp'),
(1628, 47, 144, 'https://res.cloudinary.com/dghfkjx36/image/upload/v1749411891/mangas/warrior-high-school--dungeon-raid-department/capitulo-1/ddrcgbwlbkxxdn3pecrh.webp'),
(1629, 47, 144, 'https://res.cloudinary.com/dghfkjx36/image/upload/v1749411892/mangas/warrior-high-school--dungeon-raid-department/capitulo-1/a5rivsrynnypardaif8l.webp'),
(1630, 47, 145, 'https://res.cloudinary.com/dghfkjx36/image/upload/v1749411905/mangas/warrior-high-school--dungeon-raid-department/capitulo-2/lbuzelvlundtcxgd1ski.webp'),
(1631, 47, 145, 'https://res.cloudinary.com/dghfkjx36/image/upload/v1749411908/mangas/warrior-high-school--dungeon-raid-department/capitulo-2/wskyy9cjznndiogoufme.webp'),
(1632, 47, 145, 'https://res.cloudinary.com/dghfkjx36/image/upload/v1749411911/mangas/warrior-high-school--dungeon-raid-department/capitulo-2/hj0nnlg6qbmheoen6egq.webp'),
(1633, 47, 145, 'https://res.cloudinary.com/dghfkjx36/image/upload/v1749411914/mangas/warrior-high-school--dungeon-raid-department/capitulo-2/ickenfw7qh1ga1goygmx.webp'),
(1634, 47, 145, 'https://res.cloudinary.com/dghfkjx36/image/upload/v1749411916/mangas/warrior-high-school--dungeon-raid-department/capitulo-2/ddzhwud2m8wetxf4f617.webp'),
(1635, 47, 145, 'https://res.cloudinary.com/dghfkjx36/image/upload/v1749411919/mangas/warrior-high-school--dungeon-raid-department/capitulo-2/uynz82ya971diktsjinb.webp'),
(1636, 47, 145, 'https://res.cloudinary.com/dghfkjx36/image/upload/v1749411922/mangas/warrior-high-school--dungeon-raid-department/capitulo-2/ppiz6wdyid3vaibnhrz2.webp'),
(1637, 47, 145, 'https://res.cloudinary.com/dghfkjx36/image/upload/v1749411925/mangas/warrior-high-school--dungeon-raid-department/capitulo-2/xn5xjtiujtql7cpr5aaw.webp'),
(1638, 47, 145, 'https://res.cloudinary.com/dghfkjx36/image/upload/v1749411927/mangas/warrior-high-school--dungeon-raid-department/capitulo-2/hompkqljvcz5iw3panot.webp'),
(1639, 47, 145, 'https://res.cloudinary.com/dghfkjx36/image/upload/v1749411930/mangas/warrior-high-school--dungeon-raid-department/capitulo-2/ss5oltfrbrpjab536vlf.webp'),
(1640, 47, 145, 'https://res.cloudinary.com/dghfkjx36/image/upload/v1749411933/mangas/warrior-high-school--dungeon-raid-department/capitulo-2/f9zwinui5inu82g2eibz.webp'),
(1641, 47, 145, 'https://res.cloudinary.com/dghfkjx36/image/upload/v1749411935/mangas/warrior-high-school--dungeon-raid-department/capitulo-2/gsajyunj7aofmqzeugar.webp'),
(1642, 47, 145, 'https://res.cloudinary.com/dghfkjx36/image/upload/v1749411935/mangas/warrior-high-school--dungeon-raid-department/capitulo-2/yorbd54uklv3cjgbwdjs.webp'),
(1643, 47, 146, 'https://res.cloudinary.com/dghfkjx36/image/upload/v1749411948/mangas/warrior-high-school--dungeon-raid-department/capitulo-3/wiwpakndpyt6vi5wy0ie.webp'),
(1644, 47, 146, 'https://res.cloudinary.com/dghfkjx36/image/upload/v1749411951/mangas/warrior-high-school--dungeon-raid-department/capitulo-3/oj8zodff5r8joftovpgo.webp'),
(1645, 47, 146, 'https://res.cloudinary.com/dghfkjx36/image/upload/v1749411954/mangas/warrior-high-school--dungeon-raid-department/capitulo-3/xfmzazqa8p0t4a0p1jvh.webp'),
(1646, 47, 146, 'https://res.cloudinary.com/dghfkjx36/image/upload/v1749411957/mangas/warrior-high-school--dungeon-raid-department/capitulo-3/cp2bebublyaevnq9cqjv.webp'),
(1647, 47, 146, 'https://res.cloudinary.com/dghfkjx36/image/upload/v1749411959/mangas/warrior-high-school--dungeon-raid-department/capitulo-3/v549qcsqisco3qgd7pre.webp'),
(1648, 47, 146, 'https://res.cloudinary.com/dghfkjx36/image/upload/v1749411962/mangas/warrior-high-school--dungeon-raid-department/capitulo-3/unjpaiwvavli6zc5bjvt.webp'),
(1649, 47, 146, 'https://res.cloudinary.com/dghfkjx36/image/upload/v1749411965/mangas/warrior-high-school--dungeon-raid-department/capitulo-3/cnwh5oicv17f7esdglak.webp'),
(1650, 47, 146, 'https://res.cloudinary.com/dghfkjx36/image/upload/v1749411968/mangas/warrior-high-school--dungeon-raid-department/capitulo-3/hgh1wqdonogtfddaboks.webp'),
(1651, 47, 146, 'https://res.cloudinary.com/dghfkjx36/image/upload/v1749411971/mangas/warrior-high-school--dungeon-raid-department/capitulo-3/tu7noqecsgayfhqyakt4.webp'),
(1652, 47, 146, 'https://res.cloudinary.com/dghfkjx36/image/upload/v1749411973/mangas/warrior-high-school--dungeon-raid-department/capitulo-3/l6ulyqyz0cvgmzew987o.webp'),
(1653, 47, 146, 'https://res.cloudinary.com/dghfkjx36/image/upload/v1749411976/mangas/warrior-high-school--dungeon-raid-department/capitulo-3/h9bhr6onvnhy7u4ukuyz.webp'),
(1654, 47, 146, 'https://res.cloudinary.com/dghfkjx36/image/upload/v1749411977/mangas/warrior-high-school--dungeon-raid-department/capitulo-3/thcwt7bioahhnq8vgywf.webp'),
(1655, 47, 146, 'https://res.cloudinary.com/dghfkjx36/image/upload/v1749411978/mangas/warrior-high-school--dungeon-raid-department/capitulo-3/wh5fwdmah04nwxhqufvn.webp'),
(1656, 47, 147, 'https://res.cloudinary.com/dghfkjx36/image/upload/v1749412992/mangas/warrior-high-school--dungeon-raid-department/capitulo-4/dcaldsmunx6vtphrpas7.webp'),
(1657, 47, 147, 'https://res.cloudinary.com/dghfkjx36/image/upload/v1749412996/mangas/warrior-high-school--dungeon-raid-department/capitulo-4/oi059eznyawhybe6u93t.webp'),
(1658, 47, 147, 'https://res.cloudinary.com/dghfkjx36/image/upload/v1749412999/mangas/warrior-high-school--dungeon-raid-department/capitulo-4/j7mlm7hbsx88rhyzzqmo.webp'),
(1659, 47, 147, 'https://res.cloudinary.com/dghfkjx36/image/upload/v1749413002/mangas/warrior-high-school--dungeon-raid-department/capitulo-4/s2hlqsktwlesw0clt8ak.webp'),
(1660, 47, 147, 'https://res.cloudinary.com/dghfkjx36/image/upload/v1749413005/mangas/warrior-high-school--dungeon-raid-department/capitulo-4/mrhcegsj8icq4ytf3mnf.webp'),
(1661, 47, 147, 'https://res.cloudinary.com/dghfkjx36/image/upload/v1749413008/mangas/warrior-high-school--dungeon-raid-department/capitulo-4/qraplkmeg8hesliworqc.webp'),
(1662, 47, 147, 'https://res.cloudinary.com/dghfkjx36/image/upload/v1749413011/mangas/warrior-high-school--dungeon-raid-department/capitulo-4/wjgcmuohu9y2crejiqug.webp'),
(1663, 47, 147, 'https://res.cloudinary.com/dghfkjx36/image/upload/v1749413014/mangas/warrior-high-school--dungeon-raid-department/capitulo-4/w3hl85jyxko1fa5ehjwi.webp'),
(1664, 47, 147, 'https://res.cloudinary.com/dghfkjx36/image/upload/v1749413018/mangas/warrior-high-school--dungeon-raid-department/capitulo-4/l36248msiaskewwksvrb.webp'),
(1665, 47, 147, 'https://res.cloudinary.com/dghfkjx36/image/upload/v1749413021/mangas/warrior-high-school--dungeon-raid-department/capitulo-4/xrg6vklmy5pgouobxzmz.webp'),
(1666, 47, 147, 'https://res.cloudinary.com/dghfkjx36/image/upload/v1749413024/mangas/warrior-high-school--dungeon-raid-department/capitulo-4/qcvgdkejo82d8xgkmlhb.webp'),
(1667, 47, 147, 'https://res.cloudinary.com/dghfkjx36/image/upload/v1749413028/mangas/warrior-high-school--dungeon-raid-department/capitulo-4/tvc1va2l9hkzkdfgedh2.webp'),
(1668, 47, 147, 'https://res.cloudinary.com/dghfkjx36/image/upload/v1749413030/mangas/warrior-high-school--dungeon-raid-department/capitulo-4/m1fudzugjwd2xol3jzd0.webp'),
(1669, 47, 148, 'https://res.cloudinary.com/dghfkjx36/image/upload/v1749413046/mangas/warrior-high-school--dungeon-raid-department/capitulo-5/bx0cflwzqp5n6lngx5di.webp'),
(1670, 47, 148, 'https://res.cloudinary.com/dghfkjx36/image/upload/v1749413049/mangas/warrior-high-school--dungeon-raid-department/capitulo-5/ihqdcojamvpndsil13d7.webp'),
(1671, 47, 148, 'https://res.cloudinary.com/dghfkjx36/image/upload/v1749413052/mangas/warrior-high-school--dungeon-raid-department/capitulo-5/vghzarmstvnljvvnofrt.webp'),
(1672, 47, 148, 'https://res.cloudinary.com/dghfkjx36/image/upload/v1749413055/mangas/warrior-high-school--dungeon-raid-department/capitulo-5/ya6bapwym5aicsj6smss.webp'),
(1673, 47, 148, 'https://res.cloudinary.com/dghfkjx36/image/upload/v1749413059/mangas/warrior-high-school--dungeon-raid-department/capitulo-5/thdyouda6vz82odvhoyi.webp'),
(1674, 47, 148, 'https://res.cloudinary.com/dghfkjx36/image/upload/v1749413062/mangas/warrior-high-school--dungeon-raid-department/capitulo-5/wnal94wu5rdtqwzrmbak.webp'),
(1675, 47, 148, 'https://res.cloudinary.com/dghfkjx36/image/upload/v1749413064/mangas/warrior-high-school--dungeon-raid-department/capitulo-5/cesnm6jlgkr9szg2b3o1.webp'),
(1676, 47, 148, 'https://res.cloudinary.com/dghfkjx36/image/upload/v1749413068/mangas/warrior-high-school--dungeon-raid-department/capitulo-5/l93b59bhvzywza7bgcnj.webp'),
(1677, 47, 148, 'https://res.cloudinary.com/dghfkjx36/image/upload/v1749413071/mangas/warrior-high-school--dungeon-raid-department/capitulo-5/e81sm7pzxtdq8fsjf7g4.webp'),
(1678, 47, 148, 'https://res.cloudinary.com/dghfkjx36/image/upload/v1749413074/mangas/warrior-high-school--dungeon-raid-department/capitulo-5/e0tooqsfix40bifjf1yt.webp'),
(1679, 47, 148, 'https://res.cloudinary.com/dghfkjx36/image/upload/v1749413077/mangas/warrior-high-school--dungeon-raid-department/capitulo-5/clcgglqojzud94dfwchy.webp'),
(1680, 47, 148, 'https://res.cloudinary.com/dghfkjx36/image/upload/v1749413078/mangas/warrior-high-school--dungeon-raid-department/capitulo-5/rby9fjlbvu7s3togpjpc.webp'),
(1681, 47, 149, 'https://res.cloudinary.com/dghfkjx36/image/upload/v1749413090/mangas/warrior-high-school--dungeon-raid-department/capitulo-6/hkynmwutaasyg6nhacx5.webp'),
(1682, 47, 149, 'https://res.cloudinary.com/dghfkjx36/image/upload/v1749413092/mangas/warrior-high-school--dungeon-raid-department/capitulo-6/mdwiomudyoogfjdkpxkm.webp'),
(1683, 47, 149, 'https://res.cloudinary.com/dghfkjx36/image/upload/v1749413094/mangas/warrior-high-school--dungeon-raid-department/capitulo-6/hqiut8ypnhuu0mgk4w3g.webp'),
(1684, 47, 149, 'https://res.cloudinary.com/dghfkjx36/image/upload/v1749413095/mangas/warrior-high-school--dungeon-raid-department/capitulo-6/agkgtlzg6e9mc0t69muv.webp'),
(1685, 47, 149, 'https://res.cloudinary.com/dghfkjx36/image/upload/v1749413097/mangas/warrior-high-school--dungeon-raid-department/capitulo-6/uzqjipxzhqdeefjozfmb.webp'),
(1686, 47, 149, 'https://res.cloudinary.com/dghfkjx36/image/upload/v1749413099/mangas/warrior-high-school--dungeon-raid-department/capitulo-6/zbsonkxnctstzxaae8ki.webp'),
(1687, 47, 149, 'https://res.cloudinary.com/dghfkjx36/image/upload/v1749413100/mangas/warrior-high-school--dungeon-raid-department/capitulo-6/wtbezum7yusckeljac3n.webp'),
(1688, 47, 149, 'https://res.cloudinary.com/dghfkjx36/image/upload/v1749413102/mangas/warrior-high-school--dungeon-raid-department/capitulo-6/m9eqtnc62czevqvilgsq.webp'),
(1689, 47, 149, 'https://res.cloudinary.com/dghfkjx36/image/upload/v1749413104/mangas/warrior-high-school--dungeon-raid-department/capitulo-6/uevunsfqhi3ent6edrkn.webp'),
(1690, 47, 149, 'https://res.cloudinary.com/dghfkjx36/image/upload/v1749413106/mangas/warrior-high-school--dungeon-raid-department/capitulo-6/qzovjcyvzt66fivqcilh.webp'),
(1691, 47, 149, 'https://res.cloudinary.com/dghfkjx36/image/upload/v1749413107/mangas/warrior-high-school--dungeon-raid-department/capitulo-6/lzaup4lnyj3l6qaqwvaw.webp'),
(1692, 47, 149, 'https://res.cloudinary.com/dghfkjx36/image/upload/v1749413109/mangas/warrior-high-school--dungeon-raid-department/capitulo-6/tz53zpyzopnhs811plw3.webp'),
(1693, 47, 149, 'https://res.cloudinary.com/dghfkjx36/image/upload/v1749413111/mangas/warrior-high-school--dungeon-raid-department/capitulo-6/fir6z3qrkb9pguyyqkdo.webp'),
(1694, 47, 149, 'https://res.cloudinary.com/dghfkjx36/image/upload/v1749413113/mangas/warrior-high-school--dungeon-raid-department/capitulo-6/x6n7ce7uhvhwuecucdfk.webp'),
(1695, 47, 149, 'https://res.cloudinary.com/dghfkjx36/image/upload/v1749413115/mangas/warrior-high-school--dungeon-raid-department/capitulo-6/jlm940my8zsaknvafltm.webp'),
(1696, 47, 149, 'https://res.cloudinary.com/dghfkjx36/image/upload/v1749413116/mangas/warrior-high-school--dungeon-raid-department/capitulo-6/lyz5juoa7h3hdvlf2kia.webp'),
(1697, 47, 149, 'https://res.cloudinary.com/dghfkjx36/image/upload/v1749413118/mangas/warrior-high-school--dungeon-raid-department/capitulo-6/bvyhb5eivbhsfgielshv.webp'),
(1698, 47, 149, 'https://res.cloudinary.com/dghfkjx36/image/upload/v1749413120/mangas/warrior-high-school--dungeon-raid-department/capitulo-6/m2icr1bsjnn9vbgvsale.webp'),
(1699, 47, 149, 'https://res.cloudinary.com/dghfkjx36/image/upload/v1749413122/mangas/warrior-high-school--dungeon-raid-department/capitulo-6/n1lkisshdgg5dhhhzdve.webp'),
(1700, 47, 149, 'https://res.cloudinary.com/dghfkjx36/image/upload/v1749413124/mangas/warrior-high-school--dungeon-raid-department/capitulo-6/yzahiboxbjjuovanyv2b.webp'),
(1701, 47, 149, 'https://res.cloudinary.com/dghfkjx36/image/upload/v1749413125/mangas/warrior-high-school--dungeon-raid-department/capitulo-6/i0gmq7ojfsez66w5klpv.webp'),
(1702, 47, 149, 'https://res.cloudinary.com/dghfkjx36/image/upload/v1749413127/mangas/warrior-high-school--dungeon-raid-department/capitulo-6/bqna3esqvtbi66kqfwr2.webp'),
(1703, 47, 149, 'https://res.cloudinary.com/dghfkjx36/image/upload/v1749413129/mangas/warrior-high-school--dungeon-raid-department/capitulo-6/nkdodgqo0x5pbuer6k9i.webp'),
(1704, 47, 149, 'https://res.cloudinary.com/dghfkjx36/image/upload/v1749413130/mangas/warrior-high-school--dungeon-raid-department/capitulo-6/bkybstucwvixc6olrzi2.webp'),
(1705, 47, 149, 'https://res.cloudinary.com/dghfkjx36/image/upload/v1749413132/mangas/warrior-high-school--dungeon-raid-department/capitulo-6/cx8x3z4ahooonbyhcclw.webp'),
(1706, 47, 149, 'https://res.cloudinary.com/dghfkjx36/image/upload/v1749413133/mangas/warrior-high-school--dungeon-raid-department/capitulo-6/veqh7bptg85qjd3yn5lg.webp'),
(1707, 47, 150, 'https://res.cloudinary.com/dghfkjx36/image/upload/v1749413178/mangas/warrior-high-school--dungeon-raid-department/capitulo-7/bvyger2yvvy89syrrblp.webp'),
(1708, 47, 150, 'https://res.cloudinary.com/dghfkjx36/image/upload/v1749413180/mangas/warrior-high-school--dungeon-raid-department/capitulo-7/kcijys1kaaqig1g4puk8.webp'),
(1709, 47, 150, 'https://res.cloudinary.com/dghfkjx36/image/upload/v1749413181/mangas/warrior-high-school--dungeon-raid-department/capitulo-7/ka7doywzz8aurnnnjns5.webp'),
(1710, 47, 150, 'https://res.cloudinary.com/dghfkjx36/image/upload/v1749413183/mangas/warrior-high-school--dungeon-raid-department/capitulo-7/unsaplhafrpsjllieqik.webp'),
(1711, 47, 150, 'https://res.cloudinary.com/dghfkjx36/image/upload/v1749413185/mangas/warrior-high-school--dungeon-raid-department/capitulo-7/fdbjnb15dvixf5dkagfx.webp'),
(1712, 47, 150, 'https://res.cloudinary.com/dghfkjx36/image/upload/v1749413187/mangas/warrior-high-school--dungeon-raid-department/capitulo-7/krvrvzcpq7txenj0ewno.webp'),
(1713, 47, 150, 'https://res.cloudinary.com/dghfkjx36/image/upload/v1749413189/mangas/warrior-high-school--dungeon-raid-department/capitulo-7/wyvpesfa3fjicp6fkg7o.webp'),
(1714, 47, 150, 'https://res.cloudinary.com/dghfkjx36/image/upload/v1749413191/mangas/warrior-high-school--dungeon-raid-department/capitulo-7/dxkv1m5jj1nunaveyddh.webp'),
(1715, 47, 150, 'https://res.cloudinary.com/dghfkjx36/image/upload/v1749413192/mangas/warrior-high-school--dungeon-raid-department/capitulo-7/veugjjzuynm6auzez9jm.webp'),
(1716, 47, 150, 'https://res.cloudinary.com/dghfkjx36/image/upload/v1749413194/mangas/warrior-high-school--dungeon-raid-department/capitulo-7/gzxxuhxqq1vrcdesed0k.webp'),
(1717, 47, 150, 'https://res.cloudinary.com/dghfkjx36/image/upload/v1749413195/mangas/warrior-high-school--dungeon-raid-department/capitulo-7/petwt9izo4qj2xufqz2w.webp'),
(1718, 47, 150, 'https://res.cloudinary.com/dghfkjx36/image/upload/v1749413197/mangas/warrior-high-school--dungeon-raid-department/capitulo-7/twlscrqbwrsscealsb7v.webp'),
(1719, 47, 150, 'https://res.cloudinary.com/dghfkjx36/image/upload/v1749413198/mangas/warrior-high-school--dungeon-raid-department/capitulo-7/lsijdiw5rxjprbze6tzi.webp'),
(1720, 47, 150, 'https://res.cloudinary.com/dghfkjx36/image/upload/v1749413200/mangas/warrior-high-school--dungeon-raid-department/capitulo-7/uipsz9m9zites5ypu7x0.webp'),
(1721, 47, 150, 'https://res.cloudinary.com/dghfkjx36/image/upload/v1749413201/mangas/warrior-high-school--dungeon-raid-department/capitulo-7/emqnebae9ubngojno7ak.webp'),
(1722, 47, 150, 'https://res.cloudinary.com/dghfkjx36/image/upload/v1749413203/mangas/warrior-high-school--dungeon-raid-department/capitulo-7/l7la5f1vjvzuntqaasfh.webp'),
(1723, 47, 150, 'https://res.cloudinary.com/dghfkjx36/image/upload/v1749413205/mangas/warrior-high-school--dungeon-raid-department/capitulo-7/qlzm0tnc3yhifvndmol7.webp'),
(1724, 47, 150, 'https://res.cloudinary.com/dghfkjx36/image/upload/v1749413206/mangas/warrior-high-school--dungeon-raid-department/capitulo-7/xpxdepliavtzy6jjvbpg.webp'),
(1725, 47, 150, 'https://res.cloudinary.com/dghfkjx36/image/upload/v1749413208/mangas/warrior-high-school--dungeon-raid-department/capitulo-7/t9wpawtmp5zsidmru67y.webp'),
(1726, 47, 150, 'https://res.cloudinary.com/dghfkjx36/image/upload/v1749413209/mangas/warrior-high-school--dungeon-raid-department/capitulo-7/wdpanprigogdmy8mcjia.webp'),
(1727, 47, 150, 'https://res.cloudinary.com/dghfkjx36/image/upload/v1749413211/mangas/warrior-high-school--dungeon-raid-department/capitulo-7/kcraywpc6bkttigczkxq.webp'),
(1728, 47, 150, 'https://res.cloudinary.com/dghfkjx36/image/upload/v1749413212/mangas/warrior-high-school--dungeon-raid-department/capitulo-7/iaxtxta4odtrg1qst5q8.webp'),
(1729, 47, 150, 'https://res.cloudinary.com/dghfkjx36/image/upload/v1749413214/mangas/warrior-high-school--dungeon-raid-department/capitulo-7/qanaxukwkgvbj7yemj7r.webp'),
(1730, 47, 150, 'https://res.cloudinary.com/dghfkjx36/image/upload/v1749413215/mangas/warrior-high-school--dungeon-raid-department/capitulo-7/sejeebsbz91002ffjad9.webp'),
(1731, 47, 150, 'https://res.cloudinary.com/dghfkjx36/image/upload/v1749413217/mangas/warrior-high-school--dungeon-raid-department/capitulo-7/b4o7yb4gx1de9rtjeflj.webp'),
(1732, 47, 150, 'https://res.cloudinary.com/dghfkjx36/image/upload/v1749413218/mangas/warrior-high-school--dungeon-raid-department/capitulo-7/xcynpvpx1qah09ldsj9p.webp'),
(1733, 47, 150, 'https://res.cloudinary.com/dghfkjx36/image/upload/v1749413220/mangas/warrior-high-school--dungeon-raid-department/capitulo-7/ssy0lum08m50ob4tahas.webp'),
(1734, 47, 150, 'https://res.cloudinary.com/dghfkjx36/image/upload/v1749413221/mangas/warrior-high-school--dungeon-raid-department/capitulo-7/y2slmgoaxmitg3nam2lo.webp'),
(1735, 47, 151, 'https://res.cloudinary.com/dghfkjx36/image/upload/v1749413307/mangas/warrior-high-school--dungeon-raid-department/capitulo-8/s4lyreyvsyas9amekto4.webp'),
(1736, 47, 151, 'https://res.cloudinary.com/dghfkjx36/image/upload/v1749413309/mangas/warrior-high-school--dungeon-raid-department/capitulo-8/qrfdw4lfxw0khfp955hp.webp'),
(1737, 47, 151, 'https://res.cloudinary.com/dghfkjx36/image/upload/v1749413311/mangas/warrior-high-school--dungeon-raid-department/capitulo-8/glj4ckixomf7ghpvr4kt.webp'),
(1738, 47, 151, 'https://res.cloudinary.com/dghfkjx36/image/upload/v1749413314/mangas/warrior-high-school--dungeon-raid-department/capitulo-8/cu7o9tv5cmhajwnbr052.webp'),
(1739, 47, 151, 'https://res.cloudinary.com/dghfkjx36/image/upload/v1749413315/mangas/warrior-high-school--dungeon-raid-department/capitulo-8/uslyhoopi1khgght5f12.webp'),
(1740, 47, 151, 'https://res.cloudinary.com/dghfkjx36/image/upload/v1749413317/mangas/warrior-high-school--dungeon-raid-department/capitulo-8/cilsf6qqmk3jr9kkx04u.webp'),
(1741, 47, 151, 'https://res.cloudinary.com/dghfkjx36/image/upload/v1749413319/mangas/warrior-high-school--dungeon-raid-department/capitulo-8/gyowamqsddifekzg3qzx.webp'),
(1742, 47, 151, 'https://res.cloudinary.com/dghfkjx36/image/upload/v1749413321/mangas/warrior-high-school--dungeon-raid-department/capitulo-8/yfxfus5pcpadbcu2oolo.webp'),
(1743, 47, 151, 'https://res.cloudinary.com/dghfkjx36/image/upload/v1749413323/mangas/warrior-high-school--dungeon-raid-department/capitulo-8/kutfcwu7cxncfwxpvsu0.webp'),
(1744, 47, 151, 'https://res.cloudinary.com/dghfkjx36/image/upload/v1749413325/mangas/warrior-high-school--dungeon-raid-department/capitulo-8/f1iag2lvgoer1sqzvvbb.webp'),
(1745, 47, 151, 'https://res.cloudinary.com/dghfkjx36/image/upload/v1749413326/mangas/warrior-high-school--dungeon-raid-department/capitulo-8/ivueopp9m4qjzyg62w8k.webp'),
(1746, 47, 151, 'https://res.cloudinary.com/dghfkjx36/image/upload/v1749413328/mangas/warrior-high-school--dungeon-raid-department/capitulo-8/fdsijdc4xvsrjbe0vylv.webp'),
(1747, 47, 151, 'https://res.cloudinary.com/dghfkjx36/image/upload/v1749413329/mangas/warrior-high-school--dungeon-raid-department/capitulo-8/yxy8i6stk2d4torvscpb.webp'),
(1748, 47, 151, 'https://res.cloudinary.com/dghfkjx36/image/upload/v1749413331/mangas/warrior-high-school--dungeon-raid-department/capitulo-8/anc4ucp37qemdppcfakl.webp'),
(1749, 47, 151, 'https://res.cloudinary.com/dghfkjx36/image/upload/v1749413333/mangas/warrior-high-school--dungeon-raid-department/capitulo-8/svrwpwrzlvu1jy8xfvza.webp'),
(1750, 47, 151, 'https://res.cloudinary.com/dghfkjx36/image/upload/v1749413335/mangas/warrior-high-school--dungeon-raid-department/capitulo-8/yfjjyu23gbrhydmjswuz.webp'),
(1751, 47, 151, 'https://res.cloudinary.com/dghfkjx36/image/upload/v1749413337/mangas/warrior-high-school--dungeon-raid-department/capitulo-8/t8tygasxusd2qhsza7mo.webp'),
(1752, 47, 151, 'https://res.cloudinary.com/dghfkjx36/image/upload/v1749413339/mangas/warrior-high-school--dungeon-raid-department/capitulo-8/tyf3lns8xgmhhn092okg.webp'),
(1753, 47, 151, 'https://res.cloudinary.com/dghfkjx36/image/upload/v1749413341/mangas/warrior-high-school--dungeon-raid-department/capitulo-8/plp5htlcgtdo2dfycdim.webp'),
(1754, 47, 151, 'https://res.cloudinary.com/dghfkjx36/image/upload/v1749413343/mangas/warrior-high-school--dungeon-raid-department/capitulo-8/erbncqrt0mx2vcftmqh2.webp'),
(1755, 47, 151, 'https://res.cloudinary.com/dghfkjx36/image/upload/v1749413345/mangas/warrior-high-school--dungeon-raid-department/capitulo-8/trzbc65jaqu23313upw9.webp'),
(1756, 47, 151, 'https://res.cloudinary.com/dghfkjx36/image/upload/v1749413346/mangas/warrior-high-school--dungeon-raid-department/capitulo-8/zqyyfpne5blpywfg0ka8.webp'),
(1757, 47, 151, 'https://res.cloudinary.com/dghfkjx36/image/upload/v1749413348/mangas/warrior-high-school--dungeon-raid-department/capitulo-8/p1vc0oziqauqvfrpdbkz.webp'),
(1758, 47, 151, 'https://res.cloudinary.com/dghfkjx36/image/upload/v1749413349/mangas/warrior-high-school--dungeon-raid-department/capitulo-8/amwiywifjhdandrmt0e7.webp'),
(1759, 47, 152, 'https://res.cloudinary.com/dghfkjx36/image/upload/v1749415520/mangas/warrior-high-school--dungeon-raid-department/capitulo-9/spzequwjtcudenvfuiiq.webp'),
(1760, 47, 152, 'https://res.cloudinary.com/dghfkjx36/image/upload/v1749415522/mangas/warrior-high-school--dungeon-raid-department/capitulo-9/sgwgsishalx4emndn8kx.webp'),
(1761, 47, 152, 'https://res.cloudinary.com/dghfkjx36/image/upload/v1749415523/mangas/warrior-high-school--dungeon-raid-department/capitulo-9/atvxa0uptkw1lipywgpt.webp'),
(1762, 47, 152, 'https://res.cloudinary.com/dghfkjx36/image/upload/v1749415526/mangas/warrior-high-school--dungeon-raid-department/capitulo-9/smld5woumfzsqz04qvv9.webp'),
(1763, 47, 152, 'https://res.cloudinary.com/dghfkjx36/image/upload/v1749415527/mangas/warrior-high-school--dungeon-raid-department/capitulo-9/vurn2jesc4nhrlnhvvux.webp'),
(1764, 47, 152, 'https://res.cloudinary.com/dghfkjx36/image/upload/v1749415529/mangas/warrior-high-school--dungeon-raid-department/capitulo-9/ezcdrsmolw14i0qltb40.webp'),
(1765, 47, 152, 'https://res.cloudinary.com/dghfkjx36/image/upload/v1749415530/mangas/warrior-high-school--dungeon-raid-department/capitulo-9/wmnh5ckaibbguxrcln5t.webp'),
(1766, 47, 152, 'https://res.cloudinary.com/dghfkjx36/image/upload/v1749415532/mangas/warrior-high-school--dungeon-raid-department/capitulo-9/mxzomtv2ymdqlazt99kp.webp'),
(1767, 47, 152, 'https://res.cloudinary.com/dghfkjx36/image/upload/v1749415534/mangas/warrior-high-school--dungeon-raid-department/capitulo-9/rnbeoxsltrptafyngv6j.webp'),
(1768, 47, 152, 'https://res.cloudinary.com/dghfkjx36/image/upload/v1749415535/mangas/warrior-high-school--dungeon-raid-department/capitulo-9/snmnhzcms9dz659liqta.webp'),
(1769, 47, 152, 'https://res.cloudinary.com/dghfkjx36/image/upload/v1749415537/mangas/warrior-high-school--dungeon-raid-department/capitulo-9/d3bkjmzvmp5cfxrynczz.webp'),
(1770, 47, 152, 'https://res.cloudinary.com/dghfkjx36/image/upload/v1749415539/mangas/warrior-high-school--dungeon-raid-department/capitulo-9/wihkj5qoyifpi1hmdag2.webp'),
(1771, 47, 152, 'https://res.cloudinary.com/dghfkjx36/image/upload/v1749415540/mangas/warrior-high-school--dungeon-raid-department/capitulo-9/iipgtaum8tkcwil1bowq.webp'),
(1772, 47, 152, 'https://res.cloudinary.com/dghfkjx36/image/upload/v1749415542/mangas/warrior-high-school--dungeon-raid-department/capitulo-9/cjn9vhhzkjvu3taytscp.webp'),
(1773, 47, 152, 'https://res.cloudinary.com/dghfkjx36/image/upload/v1749415544/mangas/warrior-high-school--dungeon-raid-department/capitulo-9/kdyb2txakb4j21qv9fse.webp'),
(1774, 47, 152, 'https://res.cloudinary.com/dghfkjx36/image/upload/v1749415546/mangas/warrior-high-school--dungeon-raid-department/capitulo-9/npgjij7qvra03upuq4lw.webp'),
(1775, 47, 152, 'https://res.cloudinary.com/dghfkjx36/image/upload/v1749415548/mangas/warrior-high-school--dungeon-raid-department/capitulo-9/p4driof9bjjl9psr0kwc.webp'),
(1776, 47, 152, 'https://res.cloudinary.com/dghfkjx36/image/upload/v1749415549/mangas/warrior-high-school--dungeon-raid-department/capitulo-9/camtcjcibujn1r211cca.webp'),
(1777, 47, 152, 'https://res.cloudinary.com/dghfkjx36/image/upload/v1749415551/mangas/warrior-high-school--dungeon-raid-department/capitulo-9/pcgfckpz9kfpakw9xa6h.webp'),
(1778, 47, 152, 'https://res.cloudinary.com/dghfkjx36/image/upload/v1749415554/mangas/warrior-high-school--dungeon-raid-department/capitulo-9/ots0uvyqs2makba7p7o5.webp'),
(1779, 47, 152, 'https://res.cloudinary.com/dghfkjx36/image/upload/v1749415555/mangas/warrior-high-school--dungeon-raid-department/capitulo-9/vbhmccor0msktm3fc72n.webp'),
(1780, 47, 152, 'https://res.cloudinary.com/dghfkjx36/image/upload/v1749415557/mangas/warrior-high-school--dungeon-raid-department/capitulo-9/trcky0xa3crbs8cr5slo.webp'),
(1781, 47, 152, 'https://res.cloudinary.com/dghfkjx36/image/upload/v1749415559/mangas/warrior-high-school--dungeon-raid-department/capitulo-9/gdwzho5oy6xefylsvebs.webp'),
(1782, 47, 152, 'https://res.cloudinary.com/dghfkjx36/image/upload/v1749415560/mangas/warrior-high-school--dungeon-raid-department/capitulo-9/a439sgpbjipwkduommfl.webp'),
(1783, 47, 152, 'https://res.cloudinary.com/dghfkjx36/image/upload/v1749415562/mangas/warrior-high-school--dungeon-raid-department/capitulo-9/avprmhmetfyjronhbqkk.webp'),
(1784, 47, 152, 'https://res.cloudinary.com/dghfkjx36/image/upload/v1749415563/mangas/warrior-high-school--dungeon-raid-department/capitulo-9/y2qnnwszxt3zqq0zrldx.webp'),
(1785, 47, 153, 'https://res.cloudinary.com/dghfkjx36/image/upload/v1749415674/mangas/warrior-high-school--dungeon-raid-department/capitulo-10/vcskzb9fgpvijdyq1aqu.webp'),
(1786, 47, 153, 'https://res.cloudinary.com/dghfkjx36/image/upload/v1749415676/mangas/warrior-high-school--dungeon-raid-department/capitulo-10/rwq4rgk7rkuueelmacwg.webp'),
(1787, 47, 153, 'https://res.cloudinary.com/dghfkjx36/image/upload/v1749415677/mangas/warrior-high-school--dungeon-raid-department/capitulo-10/ts3hjnexpxienbhzzhet.webp'),
(1788, 47, 153, 'https://res.cloudinary.com/dghfkjx36/image/upload/v1749415679/mangas/warrior-high-school--dungeon-raid-department/capitulo-10/fh2rct3lmgchbotxhgiq.webp'),
(1789, 47, 153, 'https://res.cloudinary.com/dghfkjx36/image/upload/v1749415681/mangas/warrior-high-school--dungeon-raid-department/capitulo-10/skoloekko9htvzq1skji.webp'),
(1790, 47, 153, 'https://res.cloudinary.com/dghfkjx36/image/upload/v1749415683/mangas/warrior-high-school--dungeon-raid-department/capitulo-10/g4mof6okguvyeduggbrv.webp'),
(1791, 47, 153, 'https://res.cloudinary.com/dghfkjx36/image/upload/v1749415685/mangas/warrior-high-school--dungeon-raid-department/capitulo-10/wwggbrqwimbzetl5kq0y.webp'),
(1792, 47, 153, 'https://res.cloudinary.com/dghfkjx36/image/upload/v1749415686/mangas/warrior-high-school--dungeon-raid-department/capitulo-10/fbf4vogptvbpsreyh8jh.webp'),
(1793, 47, 153, 'https://res.cloudinary.com/dghfkjx36/image/upload/v1749415688/mangas/warrior-high-school--dungeon-raid-department/capitulo-10/tuymkbpvx9crpd10qeic.webp'),
(1794, 47, 153, 'https://res.cloudinary.com/dghfkjx36/image/upload/v1749415689/mangas/warrior-high-school--dungeon-raid-department/capitulo-10/dg0xe382ffknowvattg8.webp'),
(1795, 47, 153, 'https://res.cloudinary.com/dghfkjx36/image/upload/v1749415691/mangas/warrior-high-school--dungeon-raid-department/capitulo-10/lojlzjgcdizhv4wlemgt.webp'),
(1796, 47, 153, 'https://res.cloudinary.com/dghfkjx36/image/upload/v1749415692/mangas/warrior-high-school--dungeon-raid-department/capitulo-10/zr1h4ftjnby14mk03uuo.webp'),
(1797, 47, 153, 'https://res.cloudinary.com/dghfkjx36/image/upload/v1749415694/mangas/warrior-high-school--dungeon-raid-department/capitulo-10/velma0hkcbeg5v0sk9or.webp'),
(1798, 47, 153, 'https://res.cloudinary.com/dghfkjx36/image/upload/v1749415695/mangas/warrior-high-school--dungeon-raid-department/capitulo-10/m9siscl5zj4yloyjubve.webp'),
(1799, 47, 153, 'https://res.cloudinary.com/dghfkjx36/image/upload/v1749415697/mangas/warrior-high-school--dungeon-raid-department/capitulo-10/xovu79s3urg8ylgjujd6.webp'),
(1800, 47, 153, 'https://res.cloudinary.com/dghfkjx36/image/upload/v1749415699/mangas/warrior-high-school--dungeon-raid-department/capitulo-10/ywktshtd76tcau3ppi4r.webp'),
(1801, 47, 153, 'https://res.cloudinary.com/dghfkjx36/image/upload/v1749415700/mangas/warrior-high-school--dungeon-raid-department/capitulo-10/i2q9cpfab24qmp803oqf.webp'),
(1802, 47, 153, 'https://res.cloudinary.com/dghfkjx36/image/upload/v1749415702/mangas/warrior-high-school--dungeon-raid-department/capitulo-10/wtcisudmtfmiqitm28br.webp'),
(1803, 47, 153, 'https://res.cloudinary.com/dghfkjx36/image/upload/v1749415703/mangas/warrior-high-school--dungeon-raid-department/capitulo-10/vjsoeujxbqc44rmwfrgx.webp'),
(1804, 47, 153, 'https://res.cloudinary.com/dghfkjx36/image/upload/v1749415704/mangas/warrior-high-school--dungeon-raid-department/capitulo-10/y8tumjorpnjsxsar9vto.webp'),
(1805, 47, 153, 'https://res.cloudinary.com/dghfkjx36/image/upload/v1749415706/mangas/warrior-high-school--dungeon-raid-department/capitulo-10/iqnhpzec05vbtolb7idc.webp'),
(1806, 47, 153, 'https://res.cloudinary.com/dghfkjx36/image/upload/v1749415707/mangas/warrior-high-school--dungeon-raid-department/capitulo-10/x2bbmmsx7julg3kovarz.webp'),
(1807, 47, 153, 'https://res.cloudinary.com/dghfkjx36/image/upload/v1749415709/mangas/warrior-high-school--dungeon-raid-department/capitulo-10/rcta0cizbbzi1ukgvfwh.webp'),
(1808, 47, 153, 'https://res.cloudinary.com/dghfkjx36/image/upload/v1749415711/mangas/warrior-high-school--dungeon-raid-department/capitulo-10/hobyajr0mwoiau8ipypd.webp'),
(1809, 47, 153, 'https://res.cloudinary.com/dghfkjx36/image/upload/v1749415713/mangas/warrior-high-school--dungeon-raid-department/capitulo-10/mlcj6okmbz1w9eonbcvi.webp'),
(1810, 47, 153, 'https://res.cloudinary.com/dghfkjx36/image/upload/v1749415714/mangas/warrior-high-school--dungeon-raid-department/capitulo-10/v2hu5waelsbtrvt2jr5p.webp'),
(1811, 47, 153, 'https://res.cloudinary.com/dghfkjx36/image/upload/v1749415715/mangas/warrior-high-school--dungeon-raid-department/capitulo-10/ntiuphvx1uokm7zqv9tb.webp'),
(1812, 47, 153, 'https://res.cloudinary.com/dghfkjx36/image/upload/v1749415716/mangas/warrior-high-school--dungeon-raid-department/capitulo-10/elvoydue0k3dchbwnnta.webp'),
(1827, 47, 154, 'https://res.cloudinary.com/dghfkjx36/image/upload/v1749417227/mangas/warrior-high-school--dungeon-raid-department/capitulo-11/gpdsfrk3zxvt2zmyrgds.webp'),
(1828, 47, 154, 'https://res.cloudinary.com/dghfkjx36/image/upload/v1749417230/mangas/warrior-high-school--dungeon-raid-department/capitulo-11/julvjkatj53sks9ajnzt.webp'),
(1829, 47, 154, 'https://res.cloudinary.com/dghfkjx36/image/upload/v1749417234/mangas/warrior-high-school--dungeon-raid-department/capitulo-11/tka1vypje15rjomaofts.webp'),
(1830, 47, 154, 'https://res.cloudinary.com/dghfkjx36/image/upload/v1749417237/mangas/warrior-high-school--dungeon-raid-department/capitulo-11/yqo3czoqkahyv6yom763.webp'),
(1831, 47, 154, 'https://res.cloudinary.com/dghfkjx36/image/upload/v1749417239/mangas/warrior-high-school--dungeon-raid-department/capitulo-11/uyyg2lttxhsixvshv4mq.webp'),
(1832, 47, 154, 'https://res.cloudinary.com/dghfkjx36/image/upload/v1749417242/mangas/warrior-high-school--dungeon-raid-department/capitulo-11/ah1dwkz07pxg7sok8u01.webp'),
(1833, 47, 154, 'https://res.cloudinary.com/dghfkjx36/image/upload/v1749417245/mangas/warrior-high-school--dungeon-raid-department/capitulo-11/aa1awptqm0ubeahsyzu0.webp'),
(1834, 47, 154, 'https://res.cloudinary.com/dghfkjx36/image/upload/v1749417248/mangas/warrior-high-school--dungeon-raid-department/capitulo-11/xnxv4egkhm66zb5yz73p.webp'),
(1835, 47, 154, 'https://res.cloudinary.com/dghfkjx36/image/upload/v1749417250/mangas/warrior-high-school--dungeon-raid-department/capitulo-11/mg6mgxguxejio80xrs3v.webp'),
(1836, 47, 154, 'https://res.cloudinary.com/dghfkjx36/image/upload/v1749417252/mangas/warrior-high-school--dungeon-raid-department/capitulo-11/zggpava7wtdmlasjy0to.webp'),
(1837, 47, 154, 'https://res.cloudinary.com/dghfkjx36/image/upload/v1749417255/mangas/warrior-high-school--dungeon-raid-department/capitulo-11/mvwk3ljjudc8apnfkauu.webp'),
(1838, 47, 154, 'https://res.cloudinary.com/dghfkjx36/image/upload/v1749417257/mangas/warrior-high-school--dungeon-raid-department/capitulo-11/kzycjlyslnvgqapwdhio.webp'),
(1839, 47, 154, 'https://res.cloudinary.com/dghfkjx36/image/upload/v1749417259/mangas/warrior-high-school--dungeon-raid-department/capitulo-11/xzkd1wewbcngm297gqs1.webp'),
(1840, 47, 154, 'https://res.cloudinary.com/dghfkjx36/image/upload/v1749417260/mangas/warrior-high-school--dungeon-raid-department/capitulo-11/qsck9xex1l5dfaohnmyo.webp'),
(1841, 47, 155, 'https://res.cloudinary.com/dghfkjx36/image/upload/v1749417324/mangas/warrior-high-school--dungeon-raid-department/capitulo-12/tdyccgp526g4ymnxvy2a.webp'),
(1842, 47, 155, 'https://res.cloudinary.com/dghfkjx36/image/upload/v1749417327/mangas/warrior-high-school--dungeon-raid-department/capitulo-12/uy2uofvsnsxuq8smr8up.webp'),
(1843, 47, 155, 'https://res.cloudinary.com/dghfkjx36/image/upload/v1749417330/mangas/warrior-high-school--dungeon-raid-department/capitulo-12/ppw8kccr1k0atoks7tu4.webp'),
(1844, 47, 155, 'https://res.cloudinary.com/dghfkjx36/image/upload/v1749417332/mangas/warrior-high-school--dungeon-raid-department/capitulo-12/llwtiigmked5rhl7rqi3.webp'),
(1845, 47, 155, 'https://res.cloudinary.com/dghfkjx36/image/upload/v1749417334/mangas/warrior-high-school--dungeon-raid-department/capitulo-12/ryss5afzaogznyvayhop.webp'),
(1846, 47, 155, 'https://res.cloudinary.com/dghfkjx36/image/upload/v1749417337/mangas/warrior-high-school--dungeon-raid-department/capitulo-12/y87rrud11awovhzcpt6s.webp'),
(1847, 47, 155, 'https://res.cloudinary.com/dghfkjx36/image/upload/v1749417340/mangas/warrior-high-school--dungeon-raid-department/capitulo-12/azgj0qm5nvrx0dpidc7t.webp'),
(1848, 47, 155, 'https://res.cloudinary.com/dghfkjx36/image/upload/v1749417342/mangas/warrior-high-school--dungeon-raid-department/capitulo-12/ldcuaienkr9jef3l6lof.webp'),
(1849, 47, 155, 'https://res.cloudinary.com/dghfkjx36/image/upload/v1749417345/mangas/warrior-high-school--dungeon-raid-department/capitulo-12/kihcivy9mvoxuqephxz8.webp'),
(1850, 47, 155, 'https://res.cloudinary.com/dghfkjx36/image/upload/v1749417348/mangas/warrior-high-school--dungeon-raid-department/capitulo-12/dxannlkbfxp7pkon50bs.webp'),
(1851, 47, 155, 'https://res.cloudinary.com/dghfkjx36/image/upload/v1749417351/mangas/warrior-high-school--dungeon-raid-department/capitulo-12/zlwwssos300cztsqfhfk.webp'),
(1852, 47, 155, 'https://res.cloudinary.com/dghfkjx36/image/upload/v1749417353/mangas/warrior-high-school--dungeon-raid-department/capitulo-12/osrpsao5wdk7mzcnmfiv.webp'),
(1853, 47, 155, 'https://res.cloudinary.com/dghfkjx36/image/upload/v1749417355/mangas/warrior-high-school--dungeon-raid-department/capitulo-12/qx2mljdvw8mqr2yf797j.webp'),
(1854, 47, 155, 'https://res.cloudinary.com/dghfkjx36/image/upload/v1749417357/mangas/warrior-high-school--dungeon-raid-department/capitulo-12/dm3f3n8fde6e1rqfea6y.webp'),
(1897, 47, 156, 'https://res.cloudinary.com/dghfkjx36/image/upload/v1749460940/mangas/warrior-high-school--dungeon-raid-department/capitulo-13/ieo2y9u60e9jg8e7rlts.webp'),
(1898, 47, 156, 'https://res.cloudinary.com/dghfkjx36/image/upload/v1749460943/mangas/warrior-high-school--dungeon-raid-department/capitulo-13/dxpdwiiceacngd4fxrik.webp'),
(1899, 47, 156, 'https://res.cloudinary.com/dghfkjx36/image/upload/v1749460946/mangas/warrior-high-school--dungeon-raid-department/capitulo-13/gegnbnegbxo24pscw7i3.webp'),
(1900, 47, 156, 'https://res.cloudinary.com/dghfkjx36/image/upload/v1749460948/mangas/warrior-high-school--dungeon-raid-department/capitulo-13/hvqaw8ug9uqx9igvjqyh.webp'),
(1901, 47, 156, 'https://res.cloudinary.com/dghfkjx36/image/upload/v1749460950/mangas/warrior-high-school--dungeon-raid-department/capitulo-13/qclldotvmvb426iinhre.webp'),
(1902, 47, 156, 'https://res.cloudinary.com/dghfkjx36/image/upload/v1749460952/mangas/warrior-high-school--dungeon-raid-department/capitulo-13/ihqdcbnpcg8mdvkfhjbp.webp'),
(1903, 47, 156, 'https://res.cloudinary.com/dghfkjx36/image/upload/v1749460955/mangas/warrior-high-school--dungeon-raid-department/capitulo-13/hsuhnrhz7qatpvi7cy7k.webp'),
(1904, 47, 156, 'https://res.cloudinary.com/dghfkjx36/image/upload/v1749460957/mangas/warrior-high-school--dungeon-raid-department/capitulo-13/i2cdlxgxf67zjy3xj2fj.webp'),
(1905, 47, 156, 'https://res.cloudinary.com/dghfkjx36/image/upload/v1749460959/mangas/warrior-high-school--dungeon-raid-department/capitulo-13/a3xc7fi2lq1jgui6bogo.webp'),
(1906, 47, 156, 'https://res.cloudinary.com/dghfkjx36/image/upload/v1749460961/mangas/warrior-high-school--dungeon-raid-department/capitulo-13/oifrlhfftdrwl62ihoyi.webp'),
(1907, 47, 156, 'https://res.cloudinary.com/dghfkjx36/image/upload/v1749460964/mangas/warrior-high-school--dungeon-raid-department/capitulo-13/yfdyvfx0r0gkrhmr6xvy.webp');
INSERT INTO `paginas` (`id_pagina`, `id_manga`, `id_capitulos`, `caminho_pagina`) VALUES
(1908, 47, 156, 'https://res.cloudinary.com/dghfkjx36/image/upload/v1749460966/mangas/warrior-high-school--dungeon-raid-department/capitulo-13/ckdkp5cs82m293eapzzg.webp'),
(1909, 47, 156, 'https://res.cloudinary.com/dghfkjx36/image/upload/v1749460968/mangas/warrior-high-school--dungeon-raid-department/capitulo-13/ahubrrdvkmwt1aqizzds.webp'),
(1910, 47, 157, 'https://res.cloudinary.com/dghfkjx36/image/upload/v1749460998/mangas/warrior-high-school--dungeon-raid-department/capitulo-14/n5vfenqurvsmrcqti5mv.webp'),
(1911, 47, 157, 'https://res.cloudinary.com/dghfkjx36/image/upload/v1749461001/mangas/warrior-high-school--dungeon-raid-department/capitulo-14/zhyplnhcc3mbjczdy6p7.webp'),
(1912, 47, 157, 'https://res.cloudinary.com/dghfkjx36/image/upload/v1749461004/mangas/warrior-high-school--dungeon-raid-department/capitulo-14/xoysgkxcs3mq7t9rmr2w.webp'),
(1913, 47, 157, 'https://res.cloudinary.com/dghfkjx36/image/upload/v1749461006/mangas/warrior-high-school--dungeon-raid-department/capitulo-14/nrcakrwgcjok8whihivp.webp'),
(1914, 47, 157, 'https://res.cloudinary.com/dghfkjx36/image/upload/v1749461008/mangas/warrior-high-school--dungeon-raid-department/capitulo-14/oqflpdnoqokdzuovx6l0.webp'),
(1915, 47, 157, 'https://res.cloudinary.com/dghfkjx36/image/upload/v1749461010/mangas/warrior-high-school--dungeon-raid-department/capitulo-14/okcugnbrthl0am8smd95.webp'),
(1916, 47, 157, 'https://res.cloudinary.com/dghfkjx36/image/upload/v1749461012/mangas/warrior-high-school--dungeon-raid-department/capitulo-14/ntvw32oztvwkojxwneno.webp'),
(1917, 47, 157, 'https://res.cloudinary.com/dghfkjx36/image/upload/v1749461014/mangas/warrior-high-school--dungeon-raid-department/capitulo-14/ea70wzm9sjj0ccgzdnmi.webp'),
(1918, 47, 157, 'https://res.cloudinary.com/dghfkjx36/image/upload/v1749461016/mangas/warrior-high-school--dungeon-raid-department/capitulo-14/i1ckln3kdqng5832qrpt.webp'),
(1919, 47, 157, 'https://res.cloudinary.com/dghfkjx36/image/upload/v1749461019/mangas/warrior-high-school--dungeon-raid-department/capitulo-14/u807nsjn5jyrlkwemrea.webp'),
(1920, 47, 157, 'https://res.cloudinary.com/dghfkjx36/image/upload/v1749461021/mangas/warrior-high-school--dungeon-raid-department/capitulo-14/fqigmcq66xz4nbsp9sti.webp'),
(1921, 47, 157, 'https://res.cloudinary.com/dghfkjx36/image/upload/v1749461022/mangas/warrior-high-school--dungeon-raid-department/capitulo-14/fevgacv62qwycwjzd3ng.webp'),
(1922, 47, 157, 'https://res.cloudinary.com/dghfkjx36/image/upload/v1749461023/mangas/warrior-high-school--dungeon-raid-department/capitulo-14/fap2hv8kg4q5tb2wej9f.webp'),
(1923, 47, 158, 'https://res.cloudinary.com/dghfkjx36/image/upload/v1749461040/mangas/warrior-high-school--dungeon-raid-department/capitulo-15/axkl6oblmlzaq2xavp9u.webp'),
(1924, 47, 158, 'https://res.cloudinary.com/dghfkjx36/image/upload/v1749461044/mangas/warrior-high-school--dungeon-raid-department/capitulo-15/dqcdataqpwcgacu47aur.webp'),
(1925, 47, 158, 'https://res.cloudinary.com/dghfkjx36/image/upload/v1749461046/mangas/warrior-high-school--dungeon-raid-department/capitulo-15/zu6kvqz9fg7hc0qpmted.webp'),
(1926, 47, 158, 'https://res.cloudinary.com/dghfkjx36/image/upload/v1749461048/mangas/warrior-high-school--dungeon-raid-department/capitulo-15/qg6kwa9h64ehabl9xtsb.webp'),
(1927, 47, 158, 'https://res.cloudinary.com/dghfkjx36/image/upload/v1749461051/mangas/warrior-high-school--dungeon-raid-department/capitulo-15/a3wufwashctz6kemnzkz.webp'),
(1928, 47, 158, 'https://res.cloudinary.com/dghfkjx36/image/upload/v1749461054/mangas/warrior-high-school--dungeon-raid-department/capitulo-15/xy6ylv7t4uy5kj3r37rg.webp'),
(1929, 47, 158, 'https://res.cloudinary.com/dghfkjx36/image/upload/v1749461056/mangas/warrior-high-school--dungeon-raid-department/capitulo-15/sypzlard33jrp1htvclz.webp'),
(1930, 47, 158, 'https://res.cloudinary.com/dghfkjx36/image/upload/v1749461059/mangas/warrior-high-school--dungeon-raid-department/capitulo-15/gbdgkiswvzdff4treh8n.webp'),
(1931, 47, 158, 'https://res.cloudinary.com/dghfkjx36/image/upload/v1749461061/mangas/warrior-high-school--dungeon-raid-department/capitulo-15/lx01lc4moqxaoucasho2.webp'),
(1932, 47, 158, 'https://res.cloudinary.com/dghfkjx36/image/upload/v1749461064/mangas/warrior-high-school--dungeon-raid-department/capitulo-15/x7dwq6ultfkr5axdusna.webp'),
(1933, 47, 158, 'https://res.cloudinary.com/dghfkjx36/image/upload/v1749461066/mangas/warrior-high-school--dungeon-raid-department/capitulo-15/vraet8sewizezrwsijux.webp'),
(1934, 47, 158, 'https://res.cloudinary.com/dghfkjx36/image/upload/v1749461067/mangas/warrior-high-school--dungeon-raid-department/capitulo-15/ixeg0snjvcq7e7exkm9f.webp'),
(1935, 47, 158, 'https://res.cloudinary.com/dghfkjx36/image/upload/v1749461068/mangas/warrior-high-school--dungeon-raid-department/capitulo-15/ycrucpm9udx36xzgj1pd.webp'),
(1936, 55, 163, 'https://res.cloudinary.com/dghfkjx36/image/upload/v1749461193/mangas/nano-machine/capitulo-1/kyirwrtmjxljgucuh7uh.webp'),
(1937, 55, 163, 'https://res.cloudinary.com/dghfkjx36/image/upload/v1749461194/mangas/nano-machine/capitulo-1/zwz8med66abvjel4yktx.webp'),
(1938, 55, 163, 'https://res.cloudinary.com/dghfkjx36/image/upload/v1749461195/mangas/nano-machine/capitulo-1/wc8jdcnne4gusjwcn22d.webp'),
(1939, 55, 163, 'https://res.cloudinary.com/dghfkjx36/image/upload/v1749461196/mangas/nano-machine/capitulo-1/jkhkmhvtbdbywzyei9zj.webp'),
(1940, 55, 163, 'https://res.cloudinary.com/dghfkjx36/image/upload/v1749461197/mangas/nano-machine/capitulo-1/jvulhszwbxn5zusgwuo2.webp'),
(1941, 55, 163, 'https://res.cloudinary.com/dghfkjx36/image/upload/v1749461199/mangas/nano-machine/capitulo-1/elgwwju6saaoc3i7ys6o.webp'),
(1942, 55, 163, 'https://res.cloudinary.com/dghfkjx36/image/upload/v1749461200/mangas/nano-machine/capitulo-1/vw31z78rilr7xrm5r3cv.webp'),
(1943, 55, 163, 'https://res.cloudinary.com/dghfkjx36/image/upload/v1749461201/mangas/nano-machine/capitulo-1/zoxcbw3hdwzutgfv2qoo.webp'),
(1944, 55, 163, 'https://res.cloudinary.com/dghfkjx36/image/upload/v1749461202/mangas/nano-machine/capitulo-1/hofocyujnashk2knmh6x.webp'),
(1945, 55, 163, 'https://res.cloudinary.com/dghfkjx36/image/upload/v1749461203/mangas/nano-machine/capitulo-1/wxvmhq9xkbqxpxja6vzx.webp'),
(1946, 55, 163, 'https://res.cloudinary.com/dghfkjx36/image/upload/v1749461204/mangas/nano-machine/capitulo-1/yyy1hsxyynygv5iakgnb.webp'),
(1947, 55, 163, 'https://res.cloudinary.com/dghfkjx36/image/upload/v1749461205/mangas/nano-machine/capitulo-1/arwqc7yowsnhmp9ybio3.webp'),
(1948, 55, 163, 'https://res.cloudinary.com/dghfkjx36/image/upload/v1749461207/mangas/nano-machine/capitulo-1/xhvcffnguosc5fagu1fh.webp'),
(1949, 55, 163, 'https://res.cloudinary.com/dghfkjx36/image/upload/v1749461207/mangas/nano-machine/capitulo-1/gy7tp6h6qjricnvo5irl.webp'),
(1950, 55, 163, 'https://res.cloudinary.com/dghfkjx36/image/upload/v1749461208/mangas/nano-machine/capitulo-1/fnilzzjoitz019raez0t.webp'),
(1951, 55, 163, 'https://res.cloudinary.com/dghfkjx36/image/upload/v1749461209/mangas/nano-machine/capitulo-1/hnt3j2nt0mhzqeusrt5n.webp'),
(1952, 55, 163, 'https://res.cloudinary.com/dghfkjx36/image/upload/v1749461210/mangas/nano-machine/capitulo-1/orkwo4kgspflenpeog4h.webp'),
(1953, 55, 164, 'https://res.cloudinary.com/dghfkjx36/image/upload/v1749461230/mangas/nano-machine/capitulo-2/tug1l1f8tssizk2amvxb.webp'),
(1954, 55, 164, 'https://res.cloudinary.com/dghfkjx36/image/upload/v1749461231/mangas/nano-machine/capitulo-2/kpkbkqqoviwavgnwztiz.webp'),
(1955, 55, 164, 'https://res.cloudinary.com/dghfkjx36/image/upload/v1749461232/mangas/nano-machine/capitulo-2/s47kyvihp2y91adlo4n4.webp'),
(1956, 55, 164, 'https://res.cloudinary.com/dghfkjx36/image/upload/v1749461233/mangas/nano-machine/capitulo-2/bit5yz6th4j3hmokyqld.webp'),
(1957, 55, 164, 'https://res.cloudinary.com/dghfkjx36/image/upload/v1749461234/mangas/nano-machine/capitulo-2/vhsxh0slpjg6fzz7pz0e.webp'),
(1958, 55, 164, 'https://res.cloudinary.com/dghfkjx36/image/upload/v1749461235/mangas/nano-machine/capitulo-2/tjng40lxevexotubszjq.webp'),
(1959, 55, 164, 'https://res.cloudinary.com/dghfkjx36/image/upload/v1749461236/mangas/nano-machine/capitulo-2/cocsfgbyy71sx65mr1s0.webp'),
(1960, 55, 164, 'https://res.cloudinary.com/dghfkjx36/image/upload/v1749461237/mangas/nano-machine/capitulo-2/gzhqtbuydycss0adkuvk.webp'),
(1961, 55, 164, 'https://res.cloudinary.com/dghfkjx36/image/upload/v1749461238/mangas/nano-machine/capitulo-2/jvucrfhy70uji7obcydz.webp'),
(1962, 55, 164, 'https://res.cloudinary.com/dghfkjx36/image/upload/v1749461239/mangas/nano-machine/capitulo-2/asmateipbuf8m3cyuoij.webp'),
(1963, 55, 164, 'https://res.cloudinary.com/dghfkjx36/image/upload/v1749461240/mangas/nano-machine/capitulo-2/g9oyql6twezwkts4wfx5.webp'),
(1964, 55, 164, 'https://res.cloudinary.com/dghfkjx36/image/upload/v1749461241/mangas/nano-machine/capitulo-2/jif6nllq8rewul2kjcav.webp'),
(1965, 55, 165, 'https://res.cloudinary.com/dghfkjx36/image/upload/v1749461263/mangas/nano-machine/capitulo-3/pndauyxvo5ookhxdib4y.webp'),
(1966, 55, 165, 'https://res.cloudinary.com/dghfkjx36/image/upload/v1749461265/mangas/nano-machine/capitulo-3/o0amoqmhwsa0pssxwazw.webp'),
(1967, 55, 165, 'https://res.cloudinary.com/dghfkjx36/image/upload/v1749461266/mangas/nano-machine/capitulo-3/dgqghv8ttdxzsrxo91yc.webp'),
(1968, 55, 165, 'https://res.cloudinary.com/dghfkjx36/image/upload/v1749461267/mangas/nano-machine/capitulo-3/gug5hui60aykgvzk4kbr.webp'),
(1969, 55, 165, 'https://res.cloudinary.com/dghfkjx36/image/upload/v1749461268/mangas/nano-machine/capitulo-3/siovh5bs9zgowohnihhk.webp'),
(1970, 55, 165, 'https://res.cloudinary.com/dghfkjx36/image/upload/v1749461269/mangas/nano-machine/capitulo-3/ev7iqzvdeidcryq9juah.webp'),
(1971, 55, 165, 'https://res.cloudinary.com/dghfkjx36/image/upload/v1749461270/mangas/nano-machine/capitulo-3/e3njkpalajwl1xpuiijj.webp'),
(1972, 55, 165, 'https://res.cloudinary.com/dghfkjx36/image/upload/v1749461271/mangas/nano-machine/capitulo-3/pnszlodad5pjfq0zwapf.webp'),
(1973, 55, 165, 'https://res.cloudinary.com/dghfkjx36/image/upload/v1749461272/mangas/nano-machine/capitulo-3/t1cjjlmxpk95e02iknqw.webp'),
(1974, 55, 165, 'https://res.cloudinary.com/dghfkjx36/image/upload/v1749461272/mangas/nano-machine/capitulo-3/x038hfsaed0vzy6k3gun.webp'),
(1975, 55, 165, 'https://res.cloudinary.com/dghfkjx36/image/upload/v1749461273/mangas/nano-machine/capitulo-3/pvhkega5l75plpxlbpdn.webp'),
(1976, 55, 165, 'https://res.cloudinary.com/dghfkjx36/image/upload/v1749461274/mangas/nano-machine/capitulo-3/jgfxdpehw0u1wtl4x0wl.webp'),
(1977, 55, 165, 'https://res.cloudinary.com/dghfkjx36/image/upload/v1749461275/mangas/nano-machine/capitulo-3/gnsbrrywhqidbsxejloh.webp'),
(1978, 55, 166, 'https://res.cloudinary.com/dghfkjx36/image/upload/v1749461296/mangas/nano-machine/capitulo-4/jnodlev8fhr0kozf0vvq.webp'),
(1979, 55, 166, 'https://res.cloudinary.com/dghfkjx36/image/upload/v1749461297/mangas/nano-machine/capitulo-4/oyqjuxskquuudcdhanbs.webp'),
(1980, 55, 166, 'https://res.cloudinary.com/dghfkjx36/image/upload/v1749461299/mangas/nano-machine/capitulo-4/qtpoxezyohktamtgabsa.webp'),
(1981, 55, 166, 'https://res.cloudinary.com/dghfkjx36/image/upload/v1749461300/mangas/nano-machine/capitulo-4/jr0gxg7e9upet4sajdlm.webp'),
(1982, 55, 166, 'https://res.cloudinary.com/dghfkjx36/image/upload/v1749461301/mangas/nano-machine/capitulo-4/dlmowsozlviucfypijth.webp'),
(1983, 55, 166, 'https://res.cloudinary.com/dghfkjx36/image/upload/v1749461302/mangas/nano-machine/capitulo-4/jle7lfjzodjbsihsmpos.webp'),
(1984, 55, 166, 'https://res.cloudinary.com/dghfkjx36/image/upload/v1749461303/mangas/nano-machine/capitulo-4/nyep35yr8ksflapc28kb.webp'),
(1985, 55, 166, 'https://res.cloudinary.com/dghfkjx36/image/upload/v1749461304/mangas/nano-machine/capitulo-4/vlghlwrzb0qhs6df58oz.webp'),
(1986, 55, 166, 'https://res.cloudinary.com/dghfkjx36/image/upload/v1749461305/mangas/nano-machine/capitulo-4/hflvnwlyigkljt7nfze8.webp'),
(1987, 55, 166, 'https://res.cloudinary.com/dghfkjx36/image/upload/v1749461306/mangas/nano-machine/capitulo-4/keh0nxhxtqwnsvf6hnja.webp'),
(1988, 55, 166, 'https://res.cloudinary.com/dghfkjx36/image/upload/v1749461307/mangas/nano-machine/capitulo-4/f3fmbig7uhhwxrlbor9u.webp'),
(1989, 55, 166, 'https://res.cloudinary.com/dghfkjx36/image/upload/v1749461308/mangas/nano-machine/capitulo-4/milhn2nijztyqizrgf3f.webp'),
(1990, 55, 166, 'https://res.cloudinary.com/dghfkjx36/image/upload/v1749461309/mangas/nano-machine/capitulo-4/lanxn84mfaczw3xxx6mk.webp'),
(1991, 55, 167, 'https://res.cloudinary.com/dghfkjx36/image/upload/v1749461328/mangas/nano-machine/capitulo-5/eqnadvupaw6lqvzsrqim.webp'),
(1992, 55, 167, 'https://res.cloudinary.com/dghfkjx36/image/upload/v1749461329/mangas/nano-machine/capitulo-5/vnrdchqslc9ji3rqixxn.webp'),
(1993, 55, 167, 'https://res.cloudinary.com/dghfkjx36/image/upload/v1749461330/mangas/nano-machine/capitulo-5/y6l51b4nkkydmtuw5mve.webp'),
(1994, 55, 167, 'https://res.cloudinary.com/dghfkjx36/image/upload/v1749461331/mangas/nano-machine/capitulo-5/moeyyujdyepay40ykr9a.webp'),
(1995, 55, 167, 'https://res.cloudinary.com/dghfkjx36/image/upload/v1749461332/mangas/nano-machine/capitulo-5/bkvh8tl4luzam3sqwf5a.webp'),
(1996, 55, 167, 'https://res.cloudinary.com/dghfkjx36/image/upload/v1749461333/mangas/nano-machine/capitulo-5/rnd2dccmuaqgwntzzvrv.webp'),
(1997, 55, 167, 'https://res.cloudinary.com/dghfkjx36/image/upload/v1749461334/mangas/nano-machine/capitulo-5/woe7ppfn2u5b9cwozhok.webp'),
(1998, 55, 167, 'https://res.cloudinary.com/dghfkjx36/image/upload/v1749461335/mangas/nano-machine/capitulo-5/aorsoiwc5uwiqfglfsjs.webp'),
(1999, 55, 167, 'https://res.cloudinary.com/dghfkjx36/image/upload/v1749461336/mangas/nano-machine/capitulo-5/nfco2xyybvqcvschzzfd.webp'),
(2000, 55, 167, 'https://res.cloudinary.com/dghfkjx36/image/upload/v1749461338/mangas/nano-machine/capitulo-5/fhl5i5vqth7ihqj0bmpw.webp'),
(2001, 55, 167, 'https://res.cloudinary.com/dghfkjx36/image/upload/v1749461339/mangas/nano-machine/capitulo-5/jvtkbv5y2ssvavf7ais8.webp'),
(2002, 55, 167, 'https://res.cloudinary.com/dghfkjx36/image/upload/v1749461341/mangas/nano-machine/capitulo-5/dkrc4fgcwrk68rliaqir.webp'),
(2003, 50, 171, 'https://res.cloudinary.com/dghfkjx36/image/upload/v1749468642/mangas/solo-maxlevel-newbie/capitulo-6/attjuvvwkd2jxcq7xujj.webp'),
(2004, 50, 171, 'https://res.cloudinary.com/dghfkjx36/image/upload/v1749468643/mangas/solo-maxlevel-newbie/capitulo-6/w0cvvqr3snrjcqvajjax.webp'),
(2005, 50, 171, 'https://res.cloudinary.com/dghfkjx36/image/upload/v1749468644/mangas/solo-maxlevel-newbie/capitulo-6/ihhltonpy9aix6tignmb.webp'),
(2006, 50, 171, 'https://res.cloudinary.com/dghfkjx36/image/upload/v1749468645/mangas/solo-maxlevel-newbie/capitulo-6/qmmv5exfcoapdmv7wzdv.webp'),
(2007, 50, 171, 'https://res.cloudinary.com/dghfkjx36/image/upload/v1749468646/mangas/solo-maxlevel-newbie/capitulo-6/h09mebtryld18fcxvcob.webp'),
(2008, 50, 171, 'https://res.cloudinary.com/dghfkjx36/image/upload/v1749468647/mangas/solo-maxlevel-newbie/capitulo-6/sanrjzlseypiewcrhipy.webp'),
(2009, 50, 171, 'https://res.cloudinary.com/dghfkjx36/image/upload/v1749468647/mangas/solo-maxlevel-newbie/capitulo-6/ttfgxtjsmysymqlvywlq.webp'),
(2010, 50, 171, 'https://res.cloudinary.com/dghfkjx36/image/upload/v1749468648/mangas/solo-maxlevel-newbie/capitulo-6/qjmdg7odhm7xlibeekfk.webp'),
(2011, 50, 171, 'https://res.cloudinary.com/dghfkjx36/image/upload/v1749468650/mangas/solo-maxlevel-newbie/capitulo-6/pzxujyrhfpvdkex0sei3.webp'),
(2012, 50, 171, 'https://res.cloudinary.com/dghfkjx36/image/upload/v1749468651/mangas/solo-maxlevel-newbie/capitulo-6/mhkclcreew84ybeulp00.webp'),
(2013, 50, 171, 'https://res.cloudinary.com/dghfkjx36/image/upload/v1749468652/mangas/solo-maxlevel-newbie/capitulo-6/jimtrvvixemqrio9xlkt.webp'),
(2014, 50, 171, 'https://res.cloudinary.com/dghfkjx36/image/upload/v1749468653/mangas/solo-maxlevel-newbie/capitulo-6/guxclfeykbj5cp9wbtew.webp'),
(2015, 50, 171, 'https://res.cloudinary.com/dghfkjx36/image/upload/v1749468653/mangas/solo-maxlevel-newbie/capitulo-6/jwgrh64zojq6f9t8mcdv.webp'),
(2033, 49, 173, 'https://res.cloudinary.com/dghfkjx36/image/upload/v1749470488/mangas/solo-leveling/capitulo-9/wfhmvblxfx5pujqi9wph.webp'),
(2034, 49, 173, 'https://res.cloudinary.com/dghfkjx36/image/upload/v1749470490/mangas/solo-leveling/capitulo-9/mydo7vlqcem67i7pbrwa.webp'),
(2035, 49, 173, 'https://res.cloudinary.com/dghfkjx36/image/upload/v1749470491/mangas/solo-leveling/capitulo-9/e9dgdkihict6slk8in7j.webp'),
(2036, 49, 173, 'https://res.cloudinary.com/dghfkjx36/image/upload/v1749470492/mangas/solo-leveling/capitulo-9/idt4c7ajku7jvuivka5l.webp'),
(2037, 49, 173, 'https://res.cloudinary.com/dghfkjx36/image/upload/v1749470494/mangas/solo-leveling/capitulo-9/jzdsfwjacg4v51fdsqz3.webp'),
(2038, 49, 173, 'https://res.cloudinary.com/dghfkjx36/image/upload/v1749470495/mangas/solo-leveling/capitulo-9/t7znwsplsd2f5cryyczp.webp'),
(2039, 49, 173, 'https://res.cloudinary.com/dghfkjx36/image/upload/v1749470496/mangas/solo-leveling/capitulo-9/zkcct6gpqqr3xiinywyi.webp'),
(2040, 49, 173, 'https://res.cloudinary.com/dghfkjx36/image/upload/v1749470498/mangas/solo-leveling/capitulo-9/izbhmauhakgqxtu6n595.webp'),
(2041, 49, 173, 'https://res.cloudinary.com/dghfkjx36/image/upload/v1749470499/mangas/solo-leveling/capitulo-9/mrl0gccbp2a7ni3ea9ly.webp'),
(2042, 49, 173, 'https://res.cloudinary.com/dghfkjx36/image/upload/v1749470501/mangas/solo-leveling/capitulo-9/byvids2pzndwrddb5c7d.webp'),
(2043, 49, 173, 'https://res.cloudinary.com/dghfkjx36/image/upload/v1749470503/mangas/solo-leveling/capitulo-9/xcqljlshv8xrleptidur.webp'),
(2044, 49, 173, 'https://res.cloudinary.com/dghfkjx36/image/upload/v1749470504/mangas/solo-leveling/capitulo-9/rhedbh3o6vqf8arx37xk.webp'),
(2045, 49, 173, 'https://res.cloudinary.com/dghfkjx36/image/upload/v1749470505/mangas/solo-leveling/capitulo-9/sacmyc8ibsinxumhqhc0.webp'),
(2046, 49, 173, 'https://res.cloudinary.com/dghfkjx36/image/upload/v1749470508/mangas/solo-leveling/capitulo-9/jginjw1xjwzjw95smlrv.webp'),
(2047, 49, 173, 'https://res.cloudinary.com/dghfkjx36/image/upload/v1749470509/mangas/solo-leveling/capitulo-9/o9twvs4cv6m3ocwfjdtr.webp'),
(2048, 49, 173, 'https://res.cloudinary.com/dghfkjx36/image/upload/v1749470511/mangas/solo-leveling/capitulo-9/lqajljxpc1gomddnynvx.webp'),
(2049, 49, 173, 'https://res.cloudinary.com/dghfkjx36/image/upload/v1749470512/mangas/solo-leveling/capitulo-9/jbnqjsdvzlobwbs6wbjl.webp'),
(2050, 49, 173, 'https://res.cloudinary.com/dghfkjx36/image/upload/v1749470513/mangas/solo-leveling/capitulo-9/pknnh2wrq8cja0tyfzdq.webp'),
(2051, 49, 173, 'https://res.cloudinary.com/dghfkjx36/image/upload/v1749470515/mangas/solo-leveling/capitulo-9/zybjffw7afcamsoegsax.webp'),
(2052, 49, 173, 'https://res.cloudinary.com/dghfkjx36/image/upload/v1749470516/mangas/solo-leveling/capitulo-9/uxh0cleuggpc44p7ibf8.webp'),
(2053, 49, 173, 'https://res.cloudinary.com/dghfkjx36/image/upload/v1749470517/mangas/solo-leveling/capitulo-9/g3fasixcpktxutdhionb.webp'),
(2054, 49, 173, 'https://res.cloudinary.com/dghfkjx36/image/upload/v1749470519/mangas/solo-leveling/capitulo-9/c8b1vjnajyz3zw1pn9im.webp'),
(2055, 49, 173, 'https://res.cloudinary.com/dghfkjx36/image/upload/v1749470520/mangas/solo-leveling/capitulo-9/qaridsrtyal3ttjaztxc.webp'),
(2058, 61, 190, 'https://res.cloudinary.com/dghfkjx36/image/upload/v1749479188/mangas/second-life-ranker/capitulo-1/iaotok1puadl53jx69ro.webp'),
(2059, 61, 190, 'https://res.cloudinary.com/dghfkjx36/image/upload/v1749479190/mangas/second-life-ranker/capitulo-1/fxfdaj62exbxpjxrs08x.webp'),
(2060, 61, 190, 'https://res.cloudinary.com/dghfkjx36/image/upload/v1749479191/mangas/second-life-ranker/capitulo-1/zsamx4szsr6ow6nloa82.webp'),
(2061, 61, 190, 'https://res.cloudinary.com/dghfkjx36/image/upload/v1749479193/mangas/second-life-ranker/capitulo-1/mwla2litryplw0teosbd.webp'),
(2062, 61, 190, 'https://res.cloudinary.com/dghfkjx36/image/upload/v1749479194/mangas/second-life-ranker/capitulo-1/cvvphp3bmr9hgadthbhj.webp'),
(2063, 61, 190, 'https://res.cloudinary.com/dghfkjx36/image/upload/v1749479195/mangas/second-life-ranker/capitulo-1/u4fimntscfqxbzn8yhf9.webp'),
(2064, 61, 190, 'https://res.cloudinary.com/dghfkjx36/image/upload/v1749479196/mangas/second-life-ranker/capitulo-1/hq9oxzreyvlm3dlahsq4.webp'),
(2065, 61, 190, 'https://res.cloudinary.com/dghfkjx36/image/upload/v1749479196/mangas/second-life-ranker/capitulo-1/n5crxmlixuxr0rvyezpp.webp'),
(2066, 61, 190, 'https://res.cloudinary.com/dghfkjx36/image/upload/v1749479197/mangas/second-life-ranker/capitulo-1/brytk6cqlirq0urvb6h0.webp'),
(2067, 61, 190, 'https://res.cloudinary.com/dghfkjx36/image/upload/v1749479198/mangas/second-life-ranker/capitulo-1/dporld3yr9ut8f3yo8uy.webp'),
(2068, 61, 190, 'https://res.cloudinary.com/dghfkjx36/image/upload/v1749479200/mangas/second-life-ranker/capitulo-1/oqibmxrtz7kqznftydlg.webp'),
(2069, 61, 190, 'https://res.cloudinary.com/dghfkjx36/image/upload/v1749479201/mangas/second-life-ranker/capitulo-1/xdw83xsrcpfjfhf6bpjf.webp'),
(2070, 61, 190, 'https://res.cloudinary.com/dghfkjx36/image/upload/v1749479201/mangas/second-life-ranker/capitulo-1/zaimi98mzvnmpzs9lmlw.webp'),
(2073, 50, 198, 'https://res.cloudinary.com/dghfkjx36/image/upload/v1749479820/mangas/solo-maxlevel-newbie/capitulo-7/onxkowno6ryikiemj4do.webp'),
(2074, 50, 198, 'https://res.cloudinary.com/dghfkjx36/image/upload/v1749479822/mangas/solo-maxlevel-newbie/capitulo-7/tjl4qghhnrmq0jrmykcy.webp'),
(2075, 50, 198, 'https://res.cloudinary.com/dghfkjx36/image/upload/v1749479823/mangas/solo-maxlevel-newbie/capitulo-7/dyai5gp9nvr7n3o047gg.webp'),
(2076, 50, 198, 'https://res.cloudinary.com/dghfkjx36/image/upload/v1749479824/mangas/solo-maxlevel-newbie/capitulo-7/zcor3p7jz2uktmwudnji.webp'),
(2077, 50, 198, 'https://res.cloudinary.com/dghfkjx36/image/upload/v1749479826/mangas/solo-maxlevel-newbie/capitulo-7/pkjjf9cupugjc3m0zu8g.webp'),
(2078, 50, 198, 'https://res.cloudinary.com/dghfkjx36/image/upload/v1749479827/mangas/solo-maxlevel-newbie/capitulo-7/xrlhysgymr9zljipparn.webp'),
(2079, 50, 198, 'https://res.cloudinary.com/dghfkjx36/image/upload/v1749479828/mangas/solo-maxlevel-newbie/capitulo-7/wg2j6de9rgkyz7crgc9x.webp'),
(2080, 50, 198, 'https://res.cloudinary.com/dghfkjx36/image/upload/v1749479829/mangas/solo-maxlevel-newbie/capitulo-7/cnkwbi9visal3rprdoag.webp'),
(2081, 62, 194, 'https://res.cloudinary.com/dghfkjx36/image/upload/v1749481239/mangas/revenge-of-the-ironblooded-sword-hound/capitulo-1/rhooho593rhb4zv66kry.webp'),
(2082, 62, 194, 'https://res.cloudinary.com/dghfkjx36/image/upload/v1749481240/mangas/revenge-of-the-ironblooded-sword-hound/capitulo-1/nmmmyfjxsmkotkrutzle.webp'),
(2083, 62, 194, 'https://res.cloudinary.com/dghfkjx36/image/upload/v1749481242/mangas/revenge-of-the-ironblooded-sword-hound/capitulo-1/fqpgyuqccojoidj8w9t7.webp'),
(2084, 62, 194, 'https://res.cloudinary.com/dghfkjx36/image/upload/v1749481243/mangas/revenge-of-the-ironblooded-sword-hound/capitulo-1/vdty802adame7yer0w9o.webp'),
(2085, 62, 194, 'https://res.cloudinary.com/dghfkjx36/image/upload/v1749481244/mangas/revenge-of-the-ironblooded-sword-hound/capitulo-1/pcoy0hhilhnkikonlvwr.webp'),
(2086, 62, 194, 'https://res.cloudinary.com/dghfkjx36/image/upload/v1749481246/mangas/revenge-of-the-ironblooded-sword-hound/capitulo-1/esctjtvhoqsspkznfurn.webp'),
(2087, 62, 194, 'https://res.cloudinary.com/dghfkjx36/image/upload/v1749481247/mangas/revenge-of-the-ironblooded-sword-hound/capitulo-1/hjxlqr6p3ruyh64qzwlx.webp'),
(2088, 62, 194, 'https://res.cloudinary.com/dghfkjx36/image/upload/v1749481249/mangas/revenge-of-the-ironblooded-sword-hound/capitulo-1/tacoixbgouttgru5ezfm.webp'),
(2089, 62, 194, 'https://res.cloudinary.com/dghfkjx36/image/upload/v1749481250/mangas/revenge-of-the-ironblooded-sword-hound/capitulo-1/v9aeemdcngci8vieupal.webp'),
(2090, 62, 194, 'https://res.cloudinary.com/dghfkjx36/image/upload/v1749481251/mangas/revenge-of-the-ironblooded-sword-hound/capitulo-1/mjpxxfzx8vfy4sco1mib.webp'),
(2091, 62, 194, 'https://res.cloudinary.com/dghfkjx36/image/upload/v1749481253/mangas/revenge-of-the-ironblooded-sword-hound/capitulo-1/yeefkvmhj0xgkscbyiym.webp'),
(2092, 51, 199, 'https://res.cloudinary.com/dghfkjx36/image/upload/v1749481279/mangas/martial-god-regressed-to-level-2/capitulo-10/tehqyoj8ipoehrqlxvsk.webp'),
(2093, 51, 199, 'https://res.cloudinary.com/dghfkjx36/image/upload/v1749481282/mangas/martial-god-regressed-to-level-2/capitulo-10/xdcw7jlxornhs8jswohw.webp'),
(2094, 51, 199, 'https://res.cloudinary.com/dghfkjx36/image/upload/v1749481283/mangas/martial-god-regressed-to-level-2/capitulo-10/vz6hkbrm6k0ddwhwyudk.webp'),
(2095, 51, 199, 'https://res.cloudinary.com/dghfkjx36/image/upload/v1749481286/mangas/martial-god-regressed-to-level-2/capitulo-10/usxw239kzaghsvllb3kc.webp'),
(2096, 51, 199, 'https://res.cloudinary.com/dghfkjx36/image/upload/v1749481288/mangas/martial-god-regressed-to-level-2/capitulo-10/jxvx0bt8isl9kui6oguq.webp'),
(2097, 51, 199, 'https://res.cloudinary.com/dghfkjx36/image/upload/v1749481291/mangas/martial-god-regressed-to-level-2/capitulo-10/pfvpznftjb2pdjx7hcei.webp'),
(2098, 51, 199, 'https://res.cloudinary.com/dghfkjx36/image/upload/v1749481293/mangas/martial-god-regressed-to-level-2/capitulo-10/oy2yig1r04jvhmzt9bwb.webp'),
(2099, 51, 199, 'https://res.cloudinary.com/dghfkjx36/image/upload/v1749481295/mangas/martial-god-regressed-to-level-2/capitulo-10/wzoqvpfjdtd6ybbcgxfg.webp'),
(2100, 51, 199, 'https://res.cloudinary.com/dghfkjx36/image/upload/v1749481297/mangas/martial-god-regressed-to-level-2/capitulo-10/opobskmizl4z87brhwhj.webp'),
(2101, 51, 199, 'https://res.cloudinary.com/dghfkjx36/image/upload/v1749481300/mangas/martial-god-regressed-to-level-2/capitulo-10/tlmoowauobmmxcuwsgy8.webp'),
(2102, 51, 199, 'https://res.cloudinary.com/dghfkjx36/image/upload/v1749481302/mangas/martial-god-regressed-to-level-2/capitulo-10/mwl2yjevcbekuh2psr3u.webp'),
(2103, 51, 199, 'https://res.cloudinary.com/dghfkjx36/image/upload/v1749481304/mangas/martial-god-regressed-to-level-2/capitulo-10/apebsrkhyo0ltpnvjrj5.webp'),
(2104, 51, 199, 'https://res.cloudinary.com/dghfkjx36/image/upload/v1749481306/mangas/martial-god-regressed-to-level-2/capitulo-10/yluxbu2qeadatxvdpve3.webp'),
(2105, 51, 199, 'https://res.cloudinary.com/dghfkjx36/image/upload/v1749481308/mangas/martial-god-regressed-to-level-2/capitulo-10/tp0mqvoffkwwt98pyf9p.webp'),
(2106, 51, 199, 'https://res.cloudinary.com/dghfkjx36/image/upload/v1749481309/mangas/martial-god-regressed-to-level-2/capitulo-10/nw1e5tmvflqanjt2luyp.webp'),
(2107, 51, 199, 'https://res.cloudinary.com/dghfkjx36/image/upload/v1749481311/mangas/martial-god-regressed-to-level-2/capitulo-10/xdjlhykcndskdxvigmbc.webp'),
(2108, 51, 199, 'https://res.cloudinary.com/dghfkjx36/image/upload/v1749481312/mangas/martial-god-regressed-to-level-2/capitulo-10/lecspfkiwehffenkgvwc.webp'),
(2109, 62, 186, 'https://res.cloudinary.com/dghfkjx36/image/upload/v1749481864/mangas/revenge-of-the-ironblooded-sword-hound/capitulo-2/lco8gkpcgkospuleeonv.webp'),
(2110, 62, 186, 'https://res.cloudinary.com/dghfkjx36/image/upload/v1749481866/mangas/revenge-of-the-ironblooded-sword-hound/capitulo-2/arv06fef7amg4ofaek0b.webp'),
(2111, 62, 186, 'https://res.cloudinary.com/dghfkjx36/image/upload/v1749481868/mangas/revenge-of-the-ironblooded-sword-hound/capitulo-2/ptwk9fp0jg3twbe6xfvm.webp'),
(2112, 62, 186, 'https://res.cloudinary.com/dghfkjx36/image/upload/v1749481870/mangas/revenge-of-the-ironblooded-sword-hound/capitulo-2/pdokha64uvkqvbdepeuq.webp'),
(2113, 62, 186, 'https://res.cloudinary.com/dghfkjx36/image/upload/v1749481872/mangas/revenge-of-the-ironblooded-sword-hound/capitulo-2/a8kzbmbh19zvbh3jf0qp.webp'),
(2114, 62, 186, 'https://res.cloudinary.com/dghfkjx36/image/upload/v1749481873/mangas/revenge-of-the-ironblooded-sword-hound/capitulo-2/ocitu36srv90if6szrqc.webp'),
(2115, 62, 186, 'https://res.cloudinary.com/dghfkjx36/image/upload/v1749481875/mangas/revenge-of-the-ironblooded-sword-hound/capitulo-2/ovvitpt6okpqnp2n0mko.webp'),
(2116, 62, 186, 'https://res.cloudinary.com/dghfkjx36/image/upload/v1749481877/mangas/revenge-of-the-ironblooded-sword-hound/capitulo-2/alxj12faycigcaxzo455.webp'),
(2117, 62, 186, 'https://res.cloudinary.com/dghfkjx36/image/upload/v1749481878/mangas/revenge-of-the-ironblooded-sword-hound/capitulo-2/meuxqs2ipcqkf6ovcd28.webp'),
(2118, 62, 186, 'https://res.cloudinary.com/dghfkjx36/image/upload/v1749481880/mangas/revenge-of-the-ironblooded-sword-hound/capitulo-2/ygkyjk9a5bw18kw4oqx9.webp'),
(2119, 62, 186, 'https://res.cloudinary.com/dghfkjx36/image/upload/v1749481881/mangas/revenge-of-the-ironblooded-sword-hound/capitulo-2/bqpbzhq8fau4qqbfsrzi.webp'),
(2120, 62, 186, 'https://res.cloudinary.com/dghfkjx36/image/upload/v1749481883/mangas/revenge-of-the-ironblooded-sword-hound/capitulo-2/ozup0tzufcke2bwt5jv0.webp'),
(2121, 62, 186, 'https://res.cloudinary.com/dghfkjx36/image/upload/v1749481885/mangas/revenge-of-the-ironblooded-sword-hound/capitulo-2/t9ixtnmjohb7zcwga017.webp'),
(2122, 62, 186, 'https://res.cloudinary.com/dghfkjx36/image/upload/v1749481886/mangas/revenge-of-the-ironblooded-sword-hound/capitulo-2/joqvhhujgomhebf8ylpe.webp'),
(2123, 62, 186, 'https://res.cloudinary.com/dghfkjx36/image/upload/v1749481888/mangas/revenge-of-the-ironblooded-sword-hound/capitulo-2/byjj9c27hu211lt0b95p.webp'),
(2124, 62, 186, 'https://res.cloudinary.com/dghfkjx36/image/upload/v1749481890/mangas/revenge-of-the-ironblooded-sword-hound/capitulo-2/hh1fn9ydsa6pzavzqt2l.webp'),
(2125, 62, 186, 'https://res.cloudinary.com/dghfkjx36/image/upload/v1749481891/mangas/revenge-of-the-ironblooded-sword-hound/capitulo-2/fogoboiacfhnnhdbi53g.webp'),
(2126, 62, 186, 'https://res.cloudinary.com/dghfkjx36/image/upload/v1749481893/mangas/revenge-of-the-ironblooded-sword-hound/capitulo-2/aapq1s4axherqjfzxxv3.webp'),
(2127, 62, 186, 'https://res.cloudinary.com/dghfkjx36/image/upload/v1749481895/mangas/revenge-of-the-ironblooded-sword-hound/capitulo-2/ujz6ksyu3izmjtx4ytpu.webp'),
(2128, 62, 186, 'https://res.cloudinary.com/dghfkjx36/image/upload/v1749481896/mangas/revenge-of-the-ironblooded-sword-hound/capitulo-2/koux2l9hfffzfj15k63n.webp'),
(2129, 62, 186, 'https://res.cloudinary.com/dghfkjx36/image/upload/v1749481897/mangas/revenge-of-the-ironblooded-sword-hound/capitulo-2/ty8k3nvubzumqylgbror.webp'),
(2130, 62, 186, 'https://res.cloudinary.com/dghfkjx36/image/upload/v1749481899/mangas/revenge-of-the-ironblooded-sword-hound/capitulo-2/ucpchb8udq629eqe14pe.webp'),
(2131, 62, 186, 'https://res.cloudinary.com/dghfkjx36/image/upload/v1749481900/mangas/revenge-of-the-ironblooded-sword-hound/capitulo-2/mifl416kmns8v7ibtocz.webp'),
(2140, 51, 203, 'https://res.cloudinary.com/dghfkjx36/image/upload/v1749482918/mangas/martial-god-regressed-to-level-2/capitulo-11/dszmow2pzxdf85ptkfyw.webp'),
(2141, 51, 203, 'https://res.cloudinary.com/dghfkjx36/image/upload/v1749482920/mangas/martial-god-regressed-to-level-2/capitulo-11/tygg8nmlkjxrr9y2jxos.webp'),
(2142, 51, 203, 'https://res.cloudinary.com/dghfkjx36/image/upload/v1749482922/mangas/martial-god-regressed-to-level-2/capitulo-11/kzylgzygj5gi7szdwgat.webp'),
(2143, 51, 203, 'https://res.cloudinary.com/dghfkjx36/image/upload/v1749482924/mangas/martial-god-regressed-to-level-2/capitulo-11/ywd7g9jengdtqu87qmm4.webp'),
(2144, 51, 203, 'https://res.cloudinary.com/dghfkjx36/image/upload/v1749482926/mangas/martial-god-regressed-to-level-2/capitulo-11/gdj0aphwhuzzvrfb3j3c.webp'),
(2145, 51, 203, 'https://res.cloudinary.com/dghfkjx36/image/upload/v1749482929/mangas/martial-god-regressed-to-level-2/capitulo-11/dlqx1qrhbws29dprtnrz.webp'),
(2146, 51, 203, 'https://res.cloudinary.com/dghfkjx36/image/upload/v1749482931/mangas/martial-god-regressed-to-level-2/capitulo-11/tcph3tgfap6fdl3ougxu.webp'),
(2147, 51, 203, 'https://res.cloudinary.com/dghfkjx36/image/upload/v1749482934/mangas/martial-god-regressed-to-level-2/capitulo-11/y7wwohq4pwtdmwfxripc.webp'),
(2148, 51, 203, 'https://res.cloudinary.com/dghfkjx36/image/upload/v1749482936/mangas/martial-god-regressed-to-level-2/capitulo-11/i7cn34vdpebiyoyrlyx5.webp'),
(2149, 51, 203, 'https://res.cloudinary.com/dghfkjx36/image/upload/v1749482939/mangas/martial-god-regressed-to-level-2/capitulo-11/uyw37zlnemnohrwhuidm.webp'),
(2150, 51, 203, 'https://res.cloudinary.com/dghfkjx36/image/upload/v1749482941/mangas/martial-god-regressed-to-level-2/capitulo-11/l2g3gfrk2koalq6v8ilr.webp'),
(2151, 51, 203, 'https://res.cloudinary.com/dghfkjx36/image/upload/v1749482943/mangas/martial-god-regressed-to-level-2/capitulo-11/gl5w6o1ql4nksonco9rq.webp'),
(2152, 51, 203, 'https://res.cloudinary.com/dghfkjx36/image/upload/v1749482947/mangas/martial-god-regressed-to-level-2/capitulo-11/b0qcdkymvcm1cwbj1dlb.webp'),
(2153, 51, 203, 'https://res.cloudinary.com/dghfkjx36/image/upload/v1749482950/mangas/martial-god-regressed-to-level-2/capitulo-11/brej616udbygqhtjf7it.webp'),
(2154, 51, 203, 'https://res.cloudinary.com/dghfkjx36/image/upload/v1749482952/mangas/martial-god-regressed-to-level-2/capitulo-11/ckombxefysip4hzdjt4q.webp'),
(2155, 51, 203, 'https://res.cloudinary.com/dghfkjx36/image/upload/v1749482954/mangas/martial-god-regressed-to-level-2/capitulo-11/b3n08gg7e2oavkibtcym.webp'),
(2156, 51, 203, 'https://res.cloudinary.com/dghfkjx36/image/upload/v1749482955/mangas/martial-god-regressed-to-level-2/capitulo-11/tognovilbxi8ping68yq.webp'),
(2157, 51, 203, 'https://res.cloudinary.com/dghfkjx36/image/upload/v1749482956/mangas/martial-god-regressed-to-level-2/capitulo-11/j2x1o4cwm9rycr1kth5o.webp'),
(2172, 62, 211, 'https://res.cloudinary.com/dghfkjx36/image/upload/v1749485462/mangas/revenge-of-the-ironblooded-sword-hound/capitulo-3/voda2zd1hnuw1lstcqur.webp'),
(2173, 62, 211, 'https://res.cloudinary.com/dghfkjx36/image/upload/v1749485466/mangas/revenge-of-the-ironblooded-sword-hound/capitulo-3/krxcbrhyz7gfwwoeblvh.webp');

-- --------------------------------------------------------

--
-- Estrutura da tabela `users`
--

CREATE TABLE `users` (
  `iduser` int(11) NOT NULL COMMENT 'ID único do utilizador\r\n',
  `username` varchar(50) NOT NULL COMMENT 'Nome de utilizador',
  `email` varchar(100) NOT NULL COMMENT 'Email do utilizador',
  `senha` varchar(255) NOT NULL COMMENT 'Hash da palavra-passe encriptada',
  `rank` enum('user','admin','editor') DEFAULT 'user' COMMENT 'Define se é utilizador, editor ou administrador (padrão: user)\r\n',
  `created_at` timestamp NOT NULL DEFAULT current_timestamp() COMMENT 'Data e hora de criação do registo',
  `token_esqueceu` varchar(255) DEFAULT NULL COMMENT 'Para resetar a password',
  `token_tempo` datetime DEFAULT NULL
) ENGINE=InnoDB DEFAULT CHARSET=utf8 COLLATE=utf8_general_ci;

--
-- Extraindo dados da tabela `users`
--

INSERT INTO `users` (`iduser`, `username`, `email`, `senha`, `rank`, `created_at`, `token_esqueceu`, `token_tempo`) VALUES
(1, 'Florin', 'florin123@gmail.com', '$2y$10$dMKdSA18VDhfNUhCOy65h.XYmKD1oZe/w2GWAXi8syllfo9pfjRu6', 'admin', '2024-12-11 14:53:24', NULL, NULL),
(28, 'mutt', 'lokanrockyou@gmail.com', '$2y$10$6I2O.TdMHdfk/3EODYZy/eDUYfpA7g1Ct3tAGA2DDeq3VMsqGNHbi', 'user', '2025-06-03 21:58:39', '0bcd6ebbd76bb0c6c44292b2388a350918e2267e94a03f4461bc57bb547ffb0fae2309e93d7011db659427c2a6725ca5e46d', '2025-06-09 18:16:14'),
(30, 'editor.test', 'areanaread.editor@mailinator.com', '$2y$10$Jb/ag/14RtF8i6eyYgvsLOqRZ3/DeHqMxVNvEV6T..cxvTqJS3ebm', 'editor', '2025-06-07 23:25:09', NULL, NULL),
(31, 'admin.test', 'areanaread.admin@mailinator.com', '$2y$10$9nKXggO3vdZqMcFaAvf3/OURDl3J8Xm4SINXhkcXfyrsPW93fRCau', 'admin', '2025-06-07 23:29:58', NULL, NULL);

-- --------------------------------------------------------

--
-- Estrutura da tabela `user_progress`
--

CREATE TABLE `user_progress` (
  `id_user_progress` int(11) NOT NULL,
  `id_user` int(11) NOT NULL,
  `id_manga` int(11) NOT NULL,
  `id_capitulo` int(11) NOT NULL,
  `data_leitura` datetime DEFAULT current_timestamp()
) ENGINE=InnoDB DEFAULT CHARSET=utf8mb4 COLLATE=utf8mb4_general_ci;

--
-- Extraindo dados da tabela `user_progress`
--

INSERT INTO `user_progress` (`id_user_progress`, `id_user`, `id_manga`, `id_capitulo`, `data_leitura`) VALUES
(49, 1, 50, 120, '2025-06-06 11:54:29'),
(50, 1, 50, 116, '2025-06-08 19:04:15'),
(54, 1, 50, 117, '2025-06-06 11:52:14'),
(61, 28, 50, 117, '2025-06-06 11:55:12'),
(62, 1, 49, 122, '2025-06-08 18:31:08'),
(71, 1, 51, 128, '2025-06-08 19:55:00'),
(72, 1, 49, 123, '2025-06-08 20:13:30'),
(74, 1, 51, 135, '2025-06-08 18:57:10'),
(80, 1, 51, 129, '2025-06-08 19:55:01'),
(86, 1, 47, 144, '2025-06-08 22:40:44'),
(87, 1, 47, 151, '2025-06-08 21:44:53'),
(89, 1, 47, 152, '2025-06-08 21:46:09'),
(90, 1, 47, 154, '2025-06-08 22:14:42'),
(91, 1, 47, 153, '2025-06-08 22:14:54'),
(94, 1, 51, 136, '2025-06-09 09:16:35'),
(95, 1, 50, 171, '2025-06-09 12:30:49'),
(96, 1, 49, 173, '2025-06-09 13:01:55');

--
-- Índices para tabelas despejadas
--

--
-- Índices para tabela `capitulos`
--
ALTER TABLE `capitulos`
  ADD PRIMARY KEY (`id_capitulos`),
  ADD KEY `id_manga` (`id_manga`);

--
-- Índices para tabela `generos`
--
ALTER TABLE `generos`
  ADD PRIMARY KEY (`id_genero`),
  ADD UNIQUE KEY `nome_genero` (`nome_genero`);

--
-- Índices para tabela `mangas`
--
ALTER TABLE `mangas`
  ADD PRIMARY KEY (`id_manga`),
  ADD UNIQUE KEY `link` (`link`);

--
-- Índices para tabela `manga_generos`
--
ALTER TABLE `manga_generos`
  ADD PRIMARY KEY (`id_manga_generos`),
  ADD UNIQUE KEY `id_manga` (`id_manga`,`id_genero`),
  ADD KEY `id_genero` (`id_genero`);

--
-- Índices para tabela `paginas`
--
ALTER TABLE `paginas`
  ADD PRIMARY KEY (`id_pagina`),
  ADD KEY `id_manga` (`id_manga`),
  ADD KEY `id_capitulos` (`id_capitulos`);

--
-- Índices para tabela `users`
--
ALTER TABLE `users`
  ADD PRIMARY KEY (`iduser`),
  ADD UNIQUE KEY `email` (`email`);

--
-- Índices para tabela `user_progress`
--
ALTER TABLE `user_progress`
  ADD PRIMARY KEY (`id_user_progress`),
  ADD UNIQUE KEY `id_user` (`id_user`,`id_manga`,`id_capitulo`),
  ADD KEY `id_manga` (`id_manga`),
  ADD KEY `id_capitulo` (`id_capitulo`);

--
-- AUTO_INCREMENT de tabelas despejadas
--

--
-- AUTO_INCREMENT de tabela `capitulos`
--
ALTER TABLE `capitulos`
  MODIFY `id_capitulos` int(11) NOT NULL AUTO_INCREMENT, AUTO_INCREMENT=212;

--
-- AUTO_INCREMENT de tabela `generos`
--
ALTER TABLE `generos`
  MODIFY `id_genero` int(11) NOT NULL AUTO_INCREMENT, AUTO_INCREMENT=59;

--
-- AUTO_INCREMENT de tabela `mangas`
--
ALTER TABLE `mangas`
  MODIFY `id_manga` int(11) NOT NULL AUTO_INCREMENT COMMENT 'id do manga', AUTO_INCREMENT=68;

--
-- AUTO_INCREMENT de tabela `manga_generos`
--
ALTER TABLE `manga_generos`
  MODIFY `id_manga_generos` int(11) NOT NULL AUTO_INCREMENT, AUTO_INCREMENT=376;

--
-- AUTO_INCREMENT de tabela `paginas`
--
ALTER TABLE `paginas`
  MODIFY `id_pagina` int(11) NOT NULL AUTO_INCREMENT, AUTO_INCREMENT=2174;

--
-- AUTO_INCREMENT de tabela `users`
--
ALTER TABLE `users`
  MODIFY `iduser` int(11) NOT NULL AUTO_INCREMENT COMMENT 'ID único do utilizador\r\n', AUTO_INCREMENT=32;

--
-- AUTO_INCREMENT de tabela `user_progress`
--
ALTER TABLE `user_progress`
  MODIFY `id_user_progress` int(11) NOT NULL AUTO_INCREMENT, AUTO_INCREMENT=103;

--
-- Restrições para despejos de tabelas
--

--
-- Limitadores para a tabela `capitulos`
--
ALTER TABLE `capitulos`
  ADD CONSTRAINT `capitulos_ibfk_1` FOREIGN KEY (`id_manga`) REFERENCES `mangas` (`id_manga`) ON DELETE CASCADE;

--
-- Limitadores para a tabela `manga_generos`
--
ALTER TABLE `manga_generos`
  ADD CONSTRAINT `manga_generos_ibfk_1` FOREIGN KEY (`id_manga`) REFERENCES `mangas` (`id_manga`) ON DELETE CASCADE,
  ADD CONSTRAINT `manga_generos_ibfk_2` FOREIGN KEY (`id_genero`) REFERENCES `generos` (`id_genero`) ON DELETE CASCADE;

--
-- Limitadores para a tabela `paginas`
--
ALTER TABLE `paginas`
  ADD CONSTRAINT `paginas_ibfk_1` FOREIGN KEY (`id_manga`) REFERENCES `mangas` (`id_manga`) ON DELETE CASCADE,
  ADD CONSTRAINT `paginas_ibfk_2` FOREIGN KEY (`id_capitulos`) REFERENCES `capitulos` (`id_capitulos`) ON DELETE CASCADE;

--
-- Limitadores para a tabela `user_progress`
--
ALTER TABLE `user_progress`
  ADD CONSTRAINT `user_progress_ibfk_1` FOREIGN KEY (`id_user`) REFERENCES `users` (`iduser`),
  ADD CONSTRAINT `user_progress_ibfk_2` FOREIGN KEY (`id_manga`) REFERENCES `mangas` (`id_manga`),
  ADD CONSTRAINT `user_progress_ibfk_3` FOREIGN KEY (`id_capitulo`) REFERENCES `capitulos` (`id_capitulos`);
COMMIT;

/*!40101 SET CHARACTER_SET_CLIENT=@OLD_CHARACTER_SET_CLIENT */;
/*!40101 SET CHARACTER_SET_RESULTS=@OLD_CHARACTER_SET_RESULTS */;
/*!40101 SET COLLATION_CONNECTION=@OLD_COLLATION_CONNECTION */;
